Workbook

Sheet Paper_Table
A1: Dataset | B1: Strongest baseline | C1: SRC-v16c | D1: Gain (pp) | E1: Baseline method | F1: n
A2: =Compact_Summary!A2 -> amazon-computers | B2: =Compact_Summary!B2&" "&TEXT(Compact_Summary!F2,"0.00")&" ± "&TEXT(Compact_Summary!G2,"0.00") -> GraphSAGE 77.46 ± 1.87 | C2: ="SRC-v16c "&TEXT(Compact_Summary!K2,"0.00")&" ± "&TEXT(Compact_Summary!L2,"0.00") -> SRC-v16c 78.71 ± 1.15 | D2: =Compact_Summary!M2 -> 1.2511326 | E2: =Compact_Summary!B2 -> GraphSAGE | F2: =Compact_Summary!H2 -> 10
A3: =Compact_Summary!A3 -> amazon-photo | B3: =Compact_Summary!B3&" "&TEXT(Compact_Summary!F3,"0.00")&" ± "&TEXT(Compact_Summary!G3,"0.00") -> GraphSAGE 87.59 ± 1.33 | C3: ="SRC-v16c "&TEXT(Compact_Summary!K3,"0.00")&" ± "&TEXT(Compact_Summary!L3,"0.00") -> SRC-v16c 88.76 ± 1.35 | D3: =Compact_Summary!M3 -> 1.173792 | E3: =Compact_Summary!B3 -> GraphSAGE | F3: =Compact_Summary!H3 -> 10
A4: =Compact_Summary!A4 -> chameleon | B4: =Compact_Summary!B4&" "&TEXT(Compact_Summary!F4,"0.00")&" ± "&TEXT(Compact_Summary!G4,"0.00") -> LINKX 71.25 ± 1.49 | C4: ="SRC-v16c "&TEXT(Compact_Summary!K4,"0.00")&" ± "&TEXT(Compact_Summary!L4,"0.00") -> SRC-v16c 72.48 ± 1.85 | D4: =Compact_Summary!M4 -> 1.2280708 | E4: =Compact_Summary!B4 -> LINKX | F4: =Compact_Summary!H4 -> 10
A5: =Compact_Summary!A5 -> cornell | B5: =Compact_Summary!B5&" "&TEXT(Compact_Summary!F5,"0.00")&" ± "&TEXT(Compact_Summary!G5,"0.00") -> GraphSAGE 70.27 ± 5.70 | C5: ="SRC-v16c "&TEXT(Compact_Summary!K5,"0.00")&" ± "&TEXT(Compact_Summary!L5,"0.00") -> SRC-v16c 75.41 ± 7.26 | D5: =Compact_Summary!M5 -> 5.1351359 | E5: =Compact_Summary!B5 -> GraphSAGE | F5: =Compact_Summary!H5 -> 10
A6: =Compact_Summary!A6 -> texas | B6: =Compact_Summary!B6&" "&TEXT(Compact_Summary!F6,"0.00")&" ± "&TEXT(Compact_Summary!G6,"0.00") -> GraphSAGE 78.38 ± 7.96 | C6: ="SRC-v16c "&TEXT(Compact_Summary!K6,"0.00")&" ± "&TEXT(Compact_Summary!L6,"0.00") -> SRC-v16c 86.32 ± 4.08 | D6: =Compact_Summary!M6 -> 7.9374113 | E6: =Compact_Summary!B6 -> GraphSAGE | F6: =Compact_Summary!H6 -> 10
A7: =Compact_Summary!A7 -> wisconsin | B7: =Compact_Summary!B7&" "&TEXT(Compact_Summary!F7,"0.00")&" ± "&TEXT(Compact_Summary!G7,"0.00") -> GraphSAGE 81.96 ± 3.18 | C7: ="SRC-v16c "&TEXT(Compact_Summary!K7,"0.00")&" ± "&TEXT(Compact_Summary!L7,"0.00") -> SRC-v16c 84.31 ± 4.24 | D7: =Compact_Summary!M7 -> 2.3529401 | E7: =Compact_Summary!B7 -> GraphSAGE | F7: =Compact_Summary!H7 -> 10
A9: Average | B9: =Compact_Summary!F9 -> 77.817356 | C9: =Compact_Summary!K9 -> 80.997103 | D9: =Compact_Summary!M9 -> 3.1797471

Sheet Raw_SRC_V16C_Repeats
A1: dataset | B1: repeat | C1: seed | D1: split_id | E1: split_policy | F1: train_acc_raw | G1: val_acc_raw | H1: test_acc_raw | I1: val_bal_acc_raw | J1: top_k | K1: dim | L1: energy | M1: alphas | N1: w | O1: feature_variant | P1: selection_rule | Q1: grid | R1: source_file | S1: source_line | T1: source_path
A2: amazon-computers | B2: 0 | C2: 20260419 | E2: class_balanced_random_20_train_30_val_per_class | F2: 1 | G2: 0.85333333 | H2: 0.77618473 | I2: 0.85333333 | J2: 4000 | K2: 64 | L2: 0.95 | M2: (0.05, 0.5, 5.0) | N2: 0.6 | O2: full | P2: grid_selected_by_val_only_no_test | Q2: fast | R2: src_v16c_final_6datasets_repeat_rows.csv | S2: 42 | T2: /mnt/data/srcv16c_submission_package/src_v16c_final_6datasets_repeat_rows.csv
A3: amazon-computers | B3: 1 | C3: 20260420 | E3: class_balanced_random_20_train_30_val_per_class | F3: 1 | G3: 0.86666667 | H3: 0.80485964 | I3: 0.86666667 | J3: 4000 | K3: 64 | L3: 0.95 | M3: (0.01, 0.1, 1.0) | N3: 0.4 | O3: full | P3: grid_selected_by_val_only_no_test | Q3: fast | R3: src_v16c_final_6datasets_repeat_rows.csv | S3: 43 | T3: /mnt/data/srcv16c_submission_package/src_v16c_final_6datasets_repeat_rows.csv
A4: amazon-computers | B4: 2 | C4: 20260421 | E4: class_balanced_random_20_train_30_val_per_class | F4: 1 | G4: 0.84333333 | H4: 0.7741473 | I4: 0.84333333 | J4: 4000 | K4: 64 | L4: 0.99 | M4: (0.05, 0.5, 5.0) | N4: 0.6 | O4: full | P4: grid_selected_by_val_only_no_test | Q4: fast | R4: src_v16c_final_6datasets_repeat_rows.csv | S4: 44 | T4: /mnt/data/srcv16c_submission_package/src_v16c_final_6datasets_repeat_rows.csv
A5: amazon-computers | B5: 3 | C5: 20260422 | E5: class_balanced_random_20_train_30_val_per_class | F5: 1 | G5: 0.86 | H5: 0.79603079 | I5: 0.86 | J5: 4000 | K5: 64 | L5: 0.95 | M5: (0.01, 0.1, 1.0) | N5: 0.6 | O5: full | P5: grid_selected_by_val_only_no_test | Q5: fast | R5: src_v16c_final_6datasets_repeat_rows.csv | S5: 45 | T5: /mnt/data/srcv16c_submission_package/src_v16c_final_6datasets_repeat_rows.csv
A6: amazon-computers | B6: 4 | C6: 20260423 | E6: class_balanced_random_20_train_30_val_per_class | F6: 1 | G6: 0.86 | H6: 0.79022034 | I6: 0.86 | J6: 4000 | K6: 64 | L6: 0.95 | M6: (0.01, 0.1, 1.0) | N6: 0.4 | O6: full | P6: grid_selected_by_val_only_no_test | Q6: fast | R6: src_v16c_final_6datasets_repeat_rows.csv | S6: 46 | T6: /mnt/data/srcv16c_submission_package/src_v16c_final_6datasets_repeat_rows.csv
A7: amazon-computers | B7: 5 | C7: 20260424 | E7: class_balanced_random_20_train_30_val_per_class | F7: 1 | G7: 0.84666667 | H7: 0.79014488 | I7: 0.84666667 | J7: 4000 | K7: 64 | L7: 0.95 | M7: (0.01, 0.1, 1.0) | N7: 0.4 | O7: full | P7: grid_selected_by_val_only_no_test | Q7: fast | R7: src_v16c_final_6datasets_repeat_rows.csv | S7: 47 | T7: /mnt/data/srcv16c_submission_package/src_v16c_final_6datasets_repeat_rows.csv
A8: amazon-computers | B8: 6 | C8: 20260425 | E8: class_balanced_random_20_train_30_val_per_class | F8: 1 | G8: 0.86 | H8: 0.78773015 | I8: 0.86 | J8: 4000 | K8: 64 | L8: 0.95 | M8: (0.01, 0.1, 1.0) | N8: 0.4 | O8: full | P8: grid_selected_by_val_only_no_test | Q8: fast | R8: src_v16c_final_6datasets_repeat_rows.csv | S8: 48 | T8: /mnt/data/srcv16c_submission_package/src_v16c_final_6datasets_repeat_rows.csv
A9: amazon-computers | B9: 7 | C9: 20260426 | E9: class_balanced_random_20_train_30_val_per_class | F9: 1 | G9: 0.85333333 | H9: 0.80116209 | I9: 0.85333333 | J9: 4000 | K9: 64 | L9: 0.95 | M9: (0.01, 0.1, 1.0) | N9: 0.4 | O9: full | P9: grid_selected_by_val_only_no_test | Q9: fast | R9: src_v16c_final_6datasets_repeat_rows.csv | S9: 49 | T9: /mnt/data/srcv16c_submission_package/src_v16c_final_6datasets_repeat_rows.csv
A10: amazon-computers | B10: 8 | C10: 20260427 | E10: class_balanced_random_20_train_30_val_per_class | F10: 1 | G10: 0.87333333 | H10: 0.77210987 | I10: 0.87333333 | J10: 4000 | K10: 64 | L10: 0.95 | M10: (0.01, 0.1, 1.0) | N10: 0.6 | O10: full | P10: grid_selected_by_val_only_no_test | Q10: fast | R10: src_v16c_final_6datasets_repeat_rows.csv | S10: 50 | T10: /mnt/data/srcv16c_submission_package/src_v16c_final_6datasets_repeat_rows.csv
A11: amazon-computers | B11: 9 | C11: 20260428 | E11: class_balanced_random_20_train_30_val_per_class | F11: 1 | G11: 0.83 | H11: 0.77837308 | I11: 0.83 | J11: 4000 | K11: 64 | L11: 0.95 | M11: (0.01, 0.1, 1.0) | N11: 0.6 | O11: full | P11: grid_selected_by_val_only_no_test | Q11: fast | R11: src_v16c_final_6datasets_repeat_rows.csv | S11: 51 | T11: /mnt/data/srcv16c_submission_package/src_v16c_final_6datasets_repeat_rows.csv
A12: amazon-photo | B12: 0 | C12: 20260419 | E12: class_balanced_random_20_train_30_val_per_class | F12: 1 | G12: 0.925 | H12: 0.88675862 | I12: 0.925 | J12: 4000 | K12: 32 | L12: 0.9 | M12: (0.01, 0.1, 1.0) | N12: 0.4 | O12: full | P12: grid_selected_by_val_only_no_test | Q12: default | R12: src_v16c_final_6datasets_repeat_rows.csv | S12: 32 | T12: /mnt/data/srcv16c_submission_package/src_v16c_final_6datasets_repeat_rows.csv
A13: amazon-photo | B13: 1 | C13: 20260420 | E13: class_balanced_random_20_train_30_val_per_class | F13: 1 | G13: 0.94583333 | H13: 0.8897931 | I13: 0.94583333 | J13: 4000 | K13: 32 | L13: 0.9 | M13: (0.01, 0.1, 1.0) | N13: 0.7 | O13: full | P13: grid_selected_by_val_only_no_test | Q13: default | R13: src_v16c_final_6datasets_repeat_rows.csv | S13: 33 | T13: /mnt/data/srcv16c_submission_package/src_v16c_final_6datasets_repeat_rows.csv
... A21: amazon-photo | B21: 9 | C21: 20260428 | E21: class_balanced_random_20_train_30_val_per_class | F21: 1 | G21: 0.89166667 | H21: 0.88331034 | I21: 0.89166667 | J21: 5000 | K21: 32 | L21: 0.9 | M21: (0.01, 0.1, 1.0) | N21: 0.4 | O21: full | P21: grid_selected_by_val_only_no_test | Q21: default | R21: src_v16c_final_6datasets_repeat_rows.csv | S21: 41 | T21: /mnt/data/srcv16c_submission_package/src_v16c_final_6datasets_repeat_rows.csv
A22: chameleon | B22: 0 | C22: 0 | E22: fixed_geom_gcn_split_id_0 | F22: 0.98992674 | G22: 0.739369 | H22: 0.72587719 | I22: 0.73882027 | J22: 8000 | K22: 96 | L22: 0.95 | M22: (0.01, 0.1, 1.0) | N22: 0.6 | O22: full | P22: grid_selected_by_val_only_no_test | R22: src_v16c_main_table_10repeat_rows(1).csv | S22: 2 | T22: /mnt/data/src_v16c_main_table_10repeat_rows(1).csv
A23: chameleon | B23: 1 | C23: 1 | E23: fixed_geom_gcn_split_id_1 | F23: 0.98443223 | G23: 0.70507545 | H23: 0.76315789 | I23: 0.70331668 | J23: 8000 | K23: 64 | L23: 0.9 | M23: (0.01, 0.1, 1.0) | N23: 0.6 | O23: full | P23: grid_selected_by_val_only_no_test | R23: src_v16c_main_table_10repeat_rows(1).csv | S23: 3 | T23: /mnt/data/src_v16c_main_table_10repeat_rows(1).csv
A24: chameleon | B24: 2 | C24: 2 | E24: fixed_geom_gcn_split_id_2 | F24: 0.99175824 | G24: 0.739369 | H24: 0.70394737 | I24: 0.74750391 | J24: 8000 | K24: 96 | L24: 0.99 | M24: (0.01, 0.1, 1.0) | N24: 0.5 | O24: full | P24: grid_selected_by_val_only_no_test | R24: src_v16c_main_table_10repeat_rows(1).csv | S24: 4 | T24: /mnt/data/src_v16c_main_table_10repeat_rows(1).csv
A25: chameleon | B25: 3 | C25: 3 | E25: fixed_geom_gcn_split_id_3 | F25: 0.96336996 | G25: 0.75034294 | H25: 0.71052632 | I25: 0.75113357 | J25: 4000 | K25: 64 | L25: 0.95 | M25: (0.01, 0.1, 1.0) | N25: 0.6 | O25: full | P25: grid_selected_by_val_only_no_test | R25: src_v16c_main_table_10repeat_rows(1).csv | S25: 5 | T25: /mnt/data/src_v16c_main_table_10repeat_rows(1).csv
A26: chameleon | B26: 4 | C26: 4 | E26: fixed_geom_gcn_split_id_4 | F26: 0.98076923 | G26: 0.75171468 | H26: 0.74342105 | I26: 0.75442307 | J26: 6000 | K26: 48 | L26: 0.9 | M26: (0.01, 0.1, 1.0) | N26: 0.5 | O26: full | P26: grid_selected_by_val_only_no_test | R26: src_v16c_main_table_10repeat_rows(1).csv | S26: 6 | T26: /mnt/data/src_v16c_main_table_10repeat_rows(1).csv
A27: chameleon | B27: 5 | C27: 5 | E27: fixed_geom_gcn_split_id_5 | F27: 0.94505495 | G27: 0.73251029 | H27: 0.73464912 | I27: 0.73380421 | J27: 5000 | K27: 64 | L27: 0.9 | M27: (0.01, 0.1, 1.0) | N27: 0.8 | O27: full | P27: grid_selected_by_val_only_no_test | R27: src_v16c_main_table_10repeat_rows(1).csv | S27: 7 | T27: /mnt/data/src_v16c_main_table_10repeat_rows(1).csv
A28: chameleon | B28: 6 | C28: 6 | E28: fixed_geom_gcn_split_id_6 | F28: 0.96062271 | G28: 0.71056241 | H28: 0.70614035 | I28: 0.70920766 | J28: 8000 | K28: 96 | L28: 0.95 | M28: (0.1, 1.0, 10.0) | N28: 0.7 | O28: full | P28: grid_selected_by_val_only_no_test | R28: src_v16c_main_table_10repeat_rows(1).csv | S28: 8 | T28: /mnt/data/src_v16c_main_table_10repeat_rows(1).csv
A29: chameleon | B29: 7 | C29: 7 | E29: fixed_geom_gcn_split_id_7 | F29: 0.99542125 | G29: 0.67901235 | H29: 0.7127193 | I29: 0.67990858 | J29: 8000 | K29: 96 | L29: 0.99 | M29: (0.01, 0.1, 1.0) | N29: 0.6 | O29: full | P29: grid_selected_by_val_only_no_test | R29: src_v16c_main_table_10repeat_rows(1).csv | S29: 9 | T29: /mnt/data/src_v16c_main_table_10repeat_rows(1).csv
A30: chameleon | B30: 8 | C30: 8 | E30: fixed_geom_gcn_split_id_8 | F30: 0.98717949 | G30: 0.73388203 | H30: 0.71929825 | I30: 0.73457794 | J30: 8000 | K30: 64 | L30: 0.9 | M30: (0.01, 0.1, 1.0) | N30: 0.3 | O30: full | P30: grid_selected_by_val_only_no_test | R30: src_v16c_main_table_10repeat_rows(1).csv | S30: 10 | T30: /mnt/data/src_v16c_main_table_10repeat_rows(1).csv
A31: chameleon | B31: 9 | C31: 9 | E31: fixed_geom_gcn_split_id_9 | F31: 0.97710623 | G31: 0.73799726 | H31: 0.72807018 | I31: 0.74009105 | J31: 8000 | K31: 32 | L31: 0.9 | M31: (0.01, 0.1, 1.0) | N31: 0.6 | O31: full | P31: grid_selected_by_val_only_no_test | R31: src_v16c_main_table_10repeat_rows(1).csv | S31: 11 | T31: /mnt/data/src_v16c_main_table_10repeat_rows(1).csv
A32: cornell | B32: 0 | C32: 20260419 | E32: random_stratified_matching_fixed_split0_class_counts | F32: 1 | G32: 0.77966102 | H32: 0.81081081 | I32: 0.58356724 | J32: 4000 | K32: 32 | L32: 0.9 | M32: (0.01, 0.1, 1.0) | N32: 0.2 | O32: full | P32: grid_selected_by_val_only_no_test | Q32: default | R32: src_v16c_final_6datasets_repeat_rows.csv | S32: 12 | T32: /mnt/data/srcv16c_submission_package/src_v16c_final_6datasets_repeat_rows.csv
A33: cornell | B33: 1 | C33: 20260420 | E33: random_stratified_matching_fixed_split0_class_counts | F33: 1 | G33: 0.79661017 | H33: 0.62162162 | I33: 0.69172602 | J33: 4000 | K33: 32 | L33: 0.9 | M33: (0.01, 0.1, 1.0) | N33: 0.2 | O33: full | P33: grid_selected_by_val_only_no_test | Q33: default | R33: src_v16c_final_6datasets_repeat_rows.csv | S33: 13 | T33: /mnt/data/srcv16c_submission_package/src_v16c_final_6datasets_repeat_rows.csv
A34: cornell | B34: 2 | C34: 20260421 | E34: random_stratified_matching_fixed_split0_class_counts | F34: 1 | G34: 0.77966102 | H34: 0.81081081 | I34: 0.58133641 | J34: 4000 | K34: 32 | L34: 0.9 | M34: (0.05, 0.5, 5.0) | N34: 0.2 | O34: full | P34: grid_selected_by_val_only_no_test | Q34: default | R34: src_v16c_final_6datasets_repeat_rows.csv | S34: 14 | T34: /mnt/data/srcv16c_submission_package/src_v16c_final_6datasets_repeat_rows.csv
A35: cornell | B35: 3 | C35: 20260422 | E35: random_stratified_matching_fixed_split0_class_counts | F35: 1 | G35: 0.84745763 | H35: 0.75675676 | I35: 0.61396104 | J35: 4000 | K35: 32 | L35: 0.9 | M35: (0.05, 0.5, 5.0) | N35: 0.2 | O35: full | P35: grid_selected_by_val_only_no_test | Q35: default | R35: src_v16c_final_6datasets_repeat_rows.csv | S35: 15 | T35: /mnt/data/srcv16c_submission_package/src_v16c_final_6datasets_repeat_rows.csv
A36: cornell | B36: 4 | C36: 20260423 | E36: random_stratified_matching_fixed_split0_class_counts | F36: 1 | G36: 0.79661017 | H36: 0.78378378 | I36: 0.57114579 | J36: 4000 | K36: 32 | L36: 0.9 | M36: (0.01, 0.1, 1.0) | N36: 0.2 | O36: full | P36: grid_selected_by_val_only_no_test | Q36: default | R36: src_v16c_final_6datasets_repeat_rows.csv | S36: 16 | T36: /mnt/data/srcv16c_submission_package/src_v16c_final_6datasets_repeat_rows.csv
A37: cornell | B37: 5 | C37: 20260424 | E37: random_stratified_matching_fixed_split0_class_counts | F37: 1 | G37: 0.76271186 | H37: 0.83783784 | I37: 0.52796397 | J37: 4000 | K37: 32 | L37: 0.9 | M37: (0.01, 0.1, 1.0) | N37: 0.2 | O37: full | P37: grid_selected_by_val_only_no_test | Q37: default | R37: src_v16c_final_6datasets_repeat_rows.csv | S37: 17 | T37: /mnt/data/srcv16c_submission_package/src_v16c_final_6datasets_repeat_rows.csv
A38: cornell | B38: 6 | C38: 20260425 | E38: random_stratified_matching_fixed_split0_class_counts | F38: 1 | G38: 0.81355932 | H38: 0.81081081 | I38: 0.66432761 | J38: 6000 | K38: 32 | L38: 0.9 | M38: (0.01, 0.1, 1.0) | N38: 0.2 | O38: full | P38: grid_selected_by_val_only_no_test | Q38: default | R38: src_v16c_final_6datasets_repeat_rows.csv | S38: 18 | T38: /mnt/data/srcv16c_submission_package/src_v16c_final_6datasets_repeat_rows.csv
A39: cornell | B39: 7 | C39: 20260426 | E39: random_stratified_matching_fixed_split0_class_counts | F39: 1 | G39: 0.77966102 | H39: 0.72972973 | I39: 0.56144742 | J39: 5000 | K39: 32 | L39: 0.9 | M39: (0.01, 0.1, 1.0) | N39: 0.2 | O39: full | P39: grid_selected_by_val_only_no_test | Q39: default | R39: src_v16c_final_6datasets_repeat_rows.csv | S39: 19 | T39: /mnt/data/srcv16c_submission_package/src_v16c_final_6datasets_repeat_rows.csv
A40: cornell | B40: 8 | C40: 20260427 | E40: random_stratified_matching_fixed_split0_class_counts | F40: 1 | G40: 0.84745763 | H40: 0.72972973 | I40: 0.70750943 | J40: 4000 | K40: 32 | L40: 0.9 | M40: (0.01, 0.1, 1.0) | N40: 0.7 | O40: full | P40: grid_selected_by_val_only_no_test | Q40: default | R40: src_v16c_final_6datasets_repeat_rows.csv | S40: 20 | T40: /mnt/data/srcv16c_submission_package/src_v16c_final_6datasets_repeat_rows.csv
A41: cornell | B41: 9 | C41: 20260428 | E41: random_stratified_matching_fixed_split0_class_counts | F41: 0.98850575 | G41: 0.84745763 | H41: 0.64864865 | I41: 0.61071429 | J41: 4000 | K41: 32 | L41: 0.9 | M41: (0.1, 1.0, 10.0) | N41: 0.2 | O41: full | P41: grid_selected_by_val_only_no_test | Q41: default | R41: src_v16c_final_6datasets_repeat_rows.csv | S41: 21 | T41: /mnt/data/srcv16c_submission_package/src_v16c_final_6datasets_repeat_rows.csv
A42: texas | B42: 0 | C42: 20260419 | E42: random_stratified_matching_fixed_split0_class_counts | F42: 1 | G42: 0.86206897 | H42: 0.86842105 | I42: 0.75529954 | J42: 4000 | K42: 32 | L42: 0.9 | M42: (0.01, 0.1, 1.0) | N42: 0.2 | O42: full | P42: grid_selected_by_val_only_no_test | Q42: default | R42: src_v16c_final_6datasets_repeat_rows.csv | S42: 2 | T42: /mnt/data/srcv16c_submission_package/src_v16c_final_6datasets_repeat_rows.csv
A43: texas | B43: 1 | C43: 20260420 | E43: random_stratified_matching_fixed_split0_class_counts | F43: 1 | G43: 0.89655172 | H43: 0.89473684 | I43: 0.83717358 | J43: 8000 | K43: 32 | L43: 0.9 | M43: (0.01, 0.1, 1.0) | N43: 0.2 | O43: full | P43: grid_selected_by_val_only_no_test | Q43: default | R43: src_v16c_final_6datasets_repeat_rows.csv | S43: 3 | T43: /mnt/data/srcv16c_submission_package/src_v16c_final_6datasets_repeat_rows.csv
... A61: wisconsin | B61: 9 | C61: 20260428 | E61: random_stratified_matching_fixed_split0_class_counts | F61: 1 | G61: 0.8375 | H61: 0.76470588 | I61: 0.59512195 | J61: 5000 | K61: 32 | L61: 0.9 | M61: (0.05, 0.5, 5.0) | N61: 0.7 | O61: full | P61: grid_selected_by_val_only_no_test | Q61: default | R61: src_v16c_final_6datasets_repeat_rows.csv | S61: 31 | T61: /mnt/data/srcv16c_submission_package/src_v16c_final_6datasets_repeat_rows.csv

Sheet Raw_Strongest_Baseline_Repeats
A1: dataset | B1: method | C1: repeat | D1: split_id | E1: seed | F1: train_acc_raw | G1: val_acc_raw | H1: test_acc_raw | I1: best_epoch | J1: time_sec | K1: params | L1: selection_rule | M1: source_file | N1: source_line | O1: source_path | P1: split_policy
A2: amazon-computers | B2: graphsage | C2: 0 | D2: 0 | E2: 0 | F2: 0.935 | G2: 0.87 | H2: 0.77814668 | I2: 155 | J2: 144.287 | K2: 99530 | L2: baseline_grid_selected_by_val_acc_only_no_test | M2: pyg_baselines_fair_best_by_val_partial(1)(1).csv | N2: 83 | O2: /mnt/data/pyg_baselines_fair_best_by_val_partial(1)(1).csv | P2: class_balanced_random_split_seed
A3: amazon-computers | B3: graphsage | C3: 1 | D3: 0 | E3: 1 | F3: 0.95999998 | G3: 0.86333334 | H3: 0.7959553 | I3: 145 | J3: 154.384 | K3: 99530 | L3: baseline_grid_selected_by_val_acc_only_no_test | M3: pyg_baselines_fair_best_by_val_partial(1)(1).csv | N3: 91 | O3: /mnt/data/pyg_baselines_fair_best_by_val_partial(1)(1).csv | P3: class_balanced_random_split_seed
A4: amazon-computers | B4: graphsage | C4: 2 | D4: 0 | E4: 2 | F4: 0.94499999 | G4: 0.83666664 | H4: 0.76977062 | I4: 90 | J4: 98.91 | K4: 99530 | L4: baseline_grid_selected_by_val_acc_only_no_test | M4: pyg_baselines_fair_best_by_val_partial(1)(1).csv | N4: 99 | O4: /mnt/data/pyg_baselines_fair_best_by_val_partial(1)(1).csv | P4: class_balanced_random_split_seed
A5: amazon-computers | B5: graphsage | C5: 3 | D5: 0 | E5: 3 | F5: 0.95999998 | G5: 0.88 | H5: 0.76886505 | I5: 140 | J5: 130.933 | K5: 99530 | L5: baseline_grid_selected_by_val_acc_only_no_test | M5: pyg_baselines_fair_best_by_val_partial(1)(1).csv | N5: 107 | O5: /mnt/data/pyg_baselines_fair_best_by_val_partial(1)(1).csv | P5: class_balanced_random_split_seed
A6: amazon-computers | B6: graphsage | C6: 4 | D6: 0 | E6: 4 | F6: 0.97000003 | G6: 0.87 | H6: 0.79655904 | I6: 245 | J6: 202.137 | K6: 99530 | L6: baseline_grid_selected_by_val_acc_only_no_test | M6: pyg_baselines_fair_best_by_val_partial(1)(1).csv | N6: 115 | O6: /mnt/data/pyg_baselines_fair_best_by_val_partial(1)(1).csv | P6: class_balanced_random_split_seed
A7: amazon-computers | B7: graphsage | C7: 5 | D7: 0 | E7: 5 | F7: 0.96499997 | G7: 0.87 | H7: 0.7413975 | I7: 195 | J7: 168.665 | K7: 99530 | L7: baseline_grid_selected_by_val_acc_only_no_test | M7: pyg_baselines_fair_best_by_val_partial(1)(1).csv | N7: 123 | O7: /mnt/data/pyg_baselines_fair_best_by_val_partial(1)(1).csv | P7: class_balanced_random_split_seed
A8: amazon-computers | B8: graphsage | C8: 6 | D8: 0 | E8: 6 | F8: 0.97500002 | G8: 0.80000001 | H8: 0.75882888 | I8: 70 | J8: 83.061 | K8: 99530 | L8: baseline_grid_selected_by_val_acc_only_no_test | M8: pyg_baselines_fair_best_by_val_partial(1)(1).csv | N8: 131 | O8: /mnt/data/pyg_baselines_fair_best_by_val_partial(1)(1).csv | P8: class_balanced_random_split_seed
A9: amazon-computers | B9: graphsage | C9: 7 | D9: 0 | E9: 7 | F9: 0.96499997 | G9: 0.87 | H9: 0.79618168 | I9: 200 | J9: 171.885 | K9: 99530 | L9: baseline_grid_selected_by_val_acc_only_no_test | M9: pyg_baselines_fair_best_by_val_partial(1)(1).csv | N9: 139 | O9: /mnt/data/pyg_baselines_fair_best_by_val_partial(1)(1).csv | P9: class_balanced_random_split_seed
A10: amazon-computers | B10: graphsage | C10: 8 | D10: 0 | E10: 8 | F10: 0.95999998 | G10: 0.8433333 | H10: 0.75784785 | I10: 175 | J10: 155.098 | K10: 99530 | L10: baseline_grid_selected_by_val_acc_only_no_test | M10: pyg_baselines_fair_best_by_val_partial(1)(1).csv | N10: 147 | O10: /mnt/data/pyg_baselines_fair_best_by_val_partial(1)(1).csv | P10: class_balanced_random_split_seed
A11: amazon-computers | B11: graphsage | C11: 9 | D11: 0 | E11: 9 | F11: 0.94999999 | G11: 0.84666669 | H11: 0.78229702 | I11: 125 | J11: 120.44 | K11: 99530 | L11: baseline_grid_selected_by_val_acc_only_no_test | M11: pyg_baselines_fair_best_by_val_partial(1)(1).csv | N11: 155 | O11: /mnt/data/pyg_baselines_fair_best_by_val_partial(1)(1).csv | P11: class_balanced_random_split_seed
A12: amazon-photo | B12: graphsage | C12: 0 | D12: 0 | E12: 0 | F12: 0.98750001 | G12: 0.92083335 | H12: 0.85806894 | I12: 185 | J12: 80.442 | K12: 96456 | L12: baseline_grid_selected_by_val_acc_only_no_test | M12: pyg_baselines_fair_best_by_val_partial(1)(1).csv | N12: 3 | O12: /mnt/data/pyg_baselines_fair_best_by_val_partial(1)(1).csv | P12: class_balanced_random_split_seed
A13: amazon-photo | B13: graphsage | C13: 1 | D13: 0 | E13: 1 | F13: 0.98750001 | G13: 0.91250002 | H13: 0.8710345 | I13: 125 | J13: 56.961 | K13: 96456 | L13: baseline_grid_selected_by_val_acc_only_no_test | M13: pyg_baselines_fair_best_by_val_partial(1)(1).csv | N13: 11 | O13: /mnt/data/pyg_baselines_fair_best_by_val_partial(1)(1).csv | P13: class_balanced_random_split_seed
... A61: wisconsin | B61: graphsage | C61: 9 | D61: 9 | E61: 9 | F61: 1 | G61: 0.8125 | H61: 0.80392158 | I61: 205 | J61: 1.707 | K61: 218693 | L61: baseline_grid_selected_by_val_acc_only_no_test | M61: pyg_baselines_fair_best_by_val_partial(1)(1).csv | N61: 635 | O61: /mnt/data/pyg_baselines_fair_best_by_val_partial(1)(1).csv | P61: geom_gcn_mask_split_id

Sheet Baseline_Method_Stats
A1: dataset | B1: method | C1: n | D1: train_mean_% | E1: train_std_% | F1: val_mean_% | G1: val_std_% | H1: test_mean_% | I1: test_std_% | J1: is_strongest_by_test_mean
A2: amazon-computers | B2: GraphSAGE | C2: 10 | D2: 95.849999 | E2: 1.2030059 | F2: 85.5 | G2: 2.3946959 | H2: 77.458496 | I2: 1.8749279 | J2: YES
A3: amazon-computers | B3: Correct&Smooth | C3: 10 | D3: 99.85 | E3: 0.24152272 | F3: 84.733334 | G3: 1.8711595 | H3: 76.353759 | I3: 2.1734331
A4: amazon-computers | B4: SIGN | C4: 10 | D4: 97.500001 | E4: 1.2472201 | F4: 83.666667 | G4: 2.5819888 | H4: 74.812104 | I4: 1.7871347
A5: amazon-computers | B5: GAT | C5: 10 | D5: 77.75 | E5: 8.882723 | F5: 74.766666 | G5: 5.1353298 | H5: 69.729852 | I5: 5.1225312
A6: amazon-computers | B6: APPNP | C6: 10 | D6: 73.7 | E6: 4.5411697 | F6: 71.500001 | G6: 3.9542132 | H6: 67.561878 | I6: 3.9354599
A7: amazon-computers | B7: MLP+Prop | C7: 10 | D7: 74.350001 | E7: 5.2283942 | F7: 71.899999 | G7: 3.6752437 | H7: 67.396621 | I7: 3.9524559
A8: amazon-computers | B8: LINKX | C8: 10 | D8: 99.95 | E8: 0.15811373 | F8: 66.266667 | G8: 2.9008299 | H8: 48.942801 | I8: 7.1399633
A9: amazon-computers | B9: GCNII | C9: 10 | D9: 32.55 | E9: 12.84188 | F9: 33.233333 | G9: 11.832211 | H9: 27.303049 | I9: 14.797903
A10: amazon-photo | B10: GraphSAGE | C10: 10 | D10: 98.750001 | E10: 0.88388263 | F10: 91 | G10: 1.2453632 | H10: 87.586208 | I10: 1.3272796 | J10: YES
A11: amazon-photo | B11: Correct&Smooth | C11: 10 | D11: 99.9375 | E11: 0.19764311 | F11: 89.999999 | G11: 1.4958797 | H11: 86.244138 | I11: 2.355442
A12: amazon-photo | B12: GAT | C12: 10 | D12: 90.437499 | E12: 4.0509978 | F12: 86.666667 | G12: 2.1063523 | H12: 84.633103 | I12: 2.6291649
A13: amazon-photo | B13: SIGN | C13: 10 | D13: 98.375 | E13: 1.3881942 | F13: 88.416666 | G13: 2.34718 | H13: 84.235862 | I13: 2.076039
A14: amazon-photo | B14: MLP+Prop | C14: 10 | D14: 87.6875 | E14: 3.7965845 | F14: 84.624999 | G14: 3.7291076 | H14: 83.586208 | I14: 2.8982161
A15: amazon-photo | B15: APPNP | C15: 10 | D15: 87.25 | E15: 3.0788263 | F15: 83.708335 | G15: 4.0035188 | H15: 83.006896 | I15: 2.1305167
A16: amazon-photo | B16: LINKX | C16: 10 | D16: 100 | E16: 0 | F16: 73.5 | G16: 3.9878295 | H16: 64.209655 | I16: 3.1594379
A17: amazon-photo | B17: GCNII | C17: 10 | D17: 64.9375 | E17: 14.914251 | F17: 61.291667 | G17: 13.734489 | H17: 57.477241 | I17: 15.207321
A18: chameleon | B18: LINKX | C18: 10 | D18: 99.890109 | E18: 0.19688015 | F18: 72.551439 | G18: 1.5898134 | H18: 71.249999 | I18: 1.485375 | J18: YES
A19: chameleon | B19: GraphSAGE | C19: 10 | D19: 98.424908 | E19: 0.80043154 | F19: 60.397805 | G19: 1.9335119 | H19: 60.285088 | I19: 0.90978707
A20: chameleon | B20: GAT | C20: 10 | D20: 67.747251 | E20: 1.9819177 | F20: 58.984911 | G20: 1.0121596 | H20: 58.464911 | I20: 1.1705048
A21: chameleon | B21: SIGN | C21: 10 | D21: 99.065933 | E21: 0.41585862 | F21: 56.941016 | G21: 2.2829886 | H21: 56.864035 | I21: 1.7817366
A22: chameleon | B22: Correct&Smooth | C22: 10 | D22: 96.785713 | E22: 0.56028176 | F22: 48.943759 | G22: 1.4164337 | H22: 48.179824 | I22: 3.5767207
A23: chameleon | B23: MLP+Prop | C23: 10 | D23: 66.456044 | E23: 3.8257614 | F23: 46.85871 | G23: 1.2707859 | H23: 46.184211 | I23: 1.9318168
A24: chameleon | B24: APPNP | C24: 10 | D24: 61.575091 | E24: 2.7357653 | F24: 46.021948 | G24: 1.2375277 | H24: 45.548246 | I24: 2.4355386
A25: chameleon | B25: GCNII | C25: 10 | D25: 45.576923 | E25: 2.7055754 | F25: 41.440329 | G25: 1.5335858 | H25: 40.745614 | I25: 2.3088306
A26: cornell | B26: GraphSAGE | C26: 10 | D26: 98.735632 | E26: 1.9118729 | F26: 74.745763 | G26: 6.561947 | H26: 70.27027 | I26: 5.6977983 | J26: YES
A27: cornell | B27: SIGN | C27: 10 | D27: 97.241379 | E27: 2.7200361 | F27: 72.033899 | G27: 6.045461 | H27: 67.837837 | I27: 4.4954863
A28: cornell | B28: LINKX | C28: 10 | D28: 98.62069 | E28: 3.331351 | F28: 64.576272 | G28: 6.1084911 | H28: 62.432432 | I28: 6.2998676
A29: cornell | B29: Correct&Smooth | C29: 10 | D29: 96.781609 | E29: 1.9385601 | F29: 60.847458 | G29: 8.2821859 | H29: 55.945945 | I29: 12.157156
A30: cornell | B30: GAT | C30: 10 | D30: 55.747125 | E30: 6.3247418 | F30: 51.016949 | G30: 9.2299853 | H30: 44.324324 | I30: 6.5214268
A31: cornell | B31: APPNP | C31: 10 | D31: 44.137931 | E31: 4.1336714 | F31: 47.118644 | G31: 6.8172223 | H31: 42.702703 | I31: 5.8106355
A32: cornell | B32: GCNII | C32: 10 | D32: 44.137931 | E32: 4.1336714 | F32: 47.118644 | G32: 6.8172223 | H32: 42.702703 | I32: 5.8106355
A33: cornell | B33: MLP+Prop | C33: 10 | D33: 44.712644 | E33: 4.2819409 | F33: 47.118644 | G33: 6.8172223 | H33: 42.702703 | I33: 5.8106355
A34: texas | B34: GraphSAGE | C34: 10 | D34: 97.011493 | E34: 3.3489302 | F34: 82.20339 | G34: 6.1501521 | H34: 78.378378 | I34: 7.9565402 | J34: YES
A35: texas | B35: SIGN | C35: 10 | D35: 98.850573 | E35: 1.0836889 | F35: 78.644068 | G35: 5.717111 | H35: 72.432432 | I35: 6.7176038
A36: texas | B36: LINKX | C36: 10 | D36: 93.333333 | E36: 10.834176 | F36: 65.423729 | G36: 5.2515031 | H36: 59.459459 | I36: 8.3546112
A37: texas | B37: Correct&Smooth | C37: 10 | D37: 96.206896 | E37: 2.0310118 | F37: 61.864407 | G37: 10.904102 | H37: 59.189188 | I37: 6.4274081
A38: texas | B38: APPNP | C38: 10 | D38: 53.448275 | E38: 3.840985 | F38: 55.423729 | G38: 5.6525424 | H38: 58.918919 | I38: 4.5582368
A39: texas | B39: GCNII | C39: 10 | D39: 53.448275 | E39: 3.840985 | F39: 55.423729 | G39: 5.6525424 | H39: 58.918919 | I39: 4.5582368
A40: texas | B40: MLP+Prop | C40: 10 | D40: 53.448275 | E40: 3.840985 | F40: 55.423729 | G40: 5.6525424 | H40: 58.918919 | I40: 4.5582368
A41: texas | B41: GAT | C41: 10 | D41: 60.574712 | E41: 7.1278787 | F41: 58.135593 | G41: 4.9285504 | H41: 57.837839 | I41: 4.2638402
A42: wisconsin | B42: GraphSAGE | C42: 10 | D42: 97.833334 | E42: 4.5845951 | F42: 82.125 | G42: 4.1268926 | H42: 81.960785 | I42: 3.1751522 | J42: YES
A43: wisconsin | B43: SIGN | C43: 10 | D43: 95.666667 | E43: 4.1163639 | F43: 78.875 | G43: 3.3566896 | H43: 77.450982 | I43: 3.8389998
A44: wisconsin | B44: Correct&Smooth | C44: 10 | D44: 96.166666 | E44: 1.3146856 | F44: 67.875 | G44: 3.3875802 | H44: 67.058825 | I44: 3.788595
A45: wisconsin | B45: LINKX | C45: 10 | D45: 98.25 | E45: 3.3895725 | F45: 66.5 | G45: 4.8519755 | H45: 65.686277 | I45: 4.4569219
A46: wisconsin | B46: GAT | C46: 10 | D46: 65.166666 | E46: 4.7919679 | F46: 60.5 | G46: 2.6483757 | H46: 60.392159 | I46: 7.1478292
A47: wisconsin | B47: MLP+Prop | C47: 10 | D47: 56.5 | E47: 8.1819583 | F47: 52 | G47: 8.5431913 | H47: 53.725492 | I47: 8.5318538
A48: wisconsin | B48: APPNP | C48: 10 | D48: 53.999999 | E48: 9.0164455 | F48: 50.375 | G48: 7.638763 | H48: 51.960786 | I48: 10.749598
A49: wisconsin | B49: GCNII | C49: 10 | D49: 46.916667 | E49: 3.3344912 | F49: 47.25 | G49: 4.7434168 | H49: 48.823531 | I49: 7.3044891

Sheet Compact_Summary
A1: dataset | B1: strongest_baseline_method | C1: baseline_n | D1: baseline_val_mean_% | E1: baseline_val_std_% | F1: baseline_test_mean_% | G1: baseline_test_std_% | H1: src_v16c_n | I1: src_val_mean_% | J1: src_val_std_% | K1: src_test_mean_% | L1: src_test_std_% | M1: gain_vs_baseline_pp
A2: amazon-computers | B2: GraphSAGE | C2: =COUNT(Raw_Strongest_Baseline_Repeats!H2:H11) -> 10 | D2: =AVERAGE(Raw_Strongest_Baseline_Repeats!G2:G11)*100 -> 85.5 | E2: =_xlfn.STDEV.S(Raw_Strongest_Baseline_Repeats!G2:G11)*100 -> 2.3946959 | F2: =AVERAGE(Raw_Strongest_Baseline_Repeats!H2:H11)*100 -> 77.458496 | G2: =_xlfn.STDEV.S(Raw_Strongest_Baseline_Repeats!H2:H11)*100 -> 1.8749279 | H2: =COUNT(Raw_SRC_V16C_Repeats!H2:H11) -> 10 | I2: =AVERAGE(Raw_SRC_V16C_Repeats!G2:G11)*100 -> 85.466667 | J2: =_xlfn.STDEV.S(Raw_SRC_V16C_Repeats!G2:G11)*100 -> 1.239275 | K2: =AVERAGE(Raw_SRC_V16C_Repeats!H2:H11)*100 -> 78.709629 | L2: =_xlfn.STDEV.S(Raw_SRC_V16C_Repeats!H2:H11)*100 -> 1.1547438 | M2: =K2-F2 -> 1.2511326
A3: amazon-photo | B3: GraphSAGE | C3: =COUNT(Raw_Strongest_Baseline_Repeats!H12:H21) -> 10 | D3: =AVERAGE(Raw_Strongest_Baseline_Repeats!G12:G21)*100 -> 91 | E3: =_xlfn.STDEV.S(Raw_Strongest_Baseline_Repeats!G12:G21)*100 -> 1.2453632 | F3: =AVERAGE(Raw_Strongest_Baseline_Repeats!H12:H21)*100 -> 87.586208 | G3: =_xlfn.STDEV.S(Raw_Strongest_Baseline_Repeats!H12:H21)*100 -> 1.3272796 | H3: =COUNT(Raw_SRC_V16C_Repeats!H12:H21) -> 10 | I3: =AVERAGE(Raw_SRC_V16C_Repeats!G12:G21)*100 -> 91.666667 | J3: =_xlfn.STDEV.S(Raw_SRC_V16C_Repeats!G12:G21)*100 -> 2.2047928 | K3: =AVERAGE(Raw_SRC_V16C_Repeats!H12:H21)*100 -> 88.76 | L3: =_xlfn.STDEV.S(Raw_SRC_V16C_Repeats!H12:H21)*100 -> 1.3532785 | M3: =K3-F3 -> 1.173792
A4: chameleon | B4: LINKX | C4: =COUNT(Raw_Strongest_Baseline_Repeats!H22:H31) -> 10 | D4: =AVERAGE(Raw_Strongest_Baseline_Repeats!G22:G31)*100 -> 72.551439 | E4: =_xlfn.STDEV.S(Raw_Strongest_Baseline_Repeats!G22:G31)*100 -> 1.5898134 | F4: =AVERAGE(Raw_Strongest_Baseline_Repeats!H22:H31)*100 -> 71.249999 | G4: =_xlfn.STDEV.S(Raw_Strongest_Baseline_Repeats!H22:H31)*100 -> 1.485375 | H4: =COUNT(Raw_SRC_V16C_Repeats!H22:H31) -> 10 | I4: =AVERAGE(Raw_SRC_V16C_Repeats!G22:G31)*100 -> 72.798354 | J4: =_xlfn.STDEV.S(Raw_SRC_V16C_Repeats!G22:G31)*100 -> 2.2862826 | K4: =AVERAGE(Raw_SRC_V16C_Repeats!H22:H31)*100 -> 72.47807 | L4: =_xlfn.STDEV.S(Raw_SRC_V16C_Repeats!H22:H31)*100 -> 1.8528935 | M4: =K4-F4 -> 1.2280708
A5: cornell | B5: GraphSAGE | C5: =COUNT(Raw_Strongest_Baseline_Repeats!H32:H41) -> 10 | D5: =AVERAGE(Raw_Strongest_Baseline_Repeats!G32:G41)*100 -> 74.745763 | E5: =_xlfn.STDEV.S(Raw_Strongest_Baseline_Repeats!G32:G41)*100 -> 6.561947 | F5: =AVERAGE(Raw_Strongest_Baseline_Repeats!H32:H41)*100 -> 70.27027 | G5: =_xlfn.STDEV.S(Raw_Strongest_Baseline_Repeats!H32:H41)*100 -> 5.6977983 | H5: =COUNT(Raw_SRC_V16C_Repeats!H32:H41) -> 10 | I5: =AVERAGE(Raw_SRC_V16C_Repeats!G32:G41)*100 -> 80.508475 | J5: =_xlfn.STDEV.S(Raw_SRC_V16C_Repeats!G32:G41)*100 -> 3.2208345 | K5: =AVERAGE(Raw_SRC_V16C_Repeats!H32:H41)*100 -> 75.405405 | L5: =_xlfn.STDEV.S(Raw_SRC_V16C_Repeats!H32:H41)*100 -> 7.257706 | M5: =K5-F5 -> 5.1351359
A6: texas | B6: GraphSAGE | C6: =COUNT(Raw_Strongest_Baseline_Repeats!H42:H51) -> 10 | D6: =AVERAGE(Raw_Strongest_Baseline_Repeats!G42:G51)*100 -> 82.20339 | E6: =_xlfn.STDEV.S(Raw_Strongest_Baseline_Repeats!G42:G51)*100 -> 6.1501521 | F6: =AVERAGE(Raw_Strongest_Baseline_Repeats!H42:H51)*100 -> 78.378378 | G6: =_xlfn.STDEV.S(Raw_Strongest_Baseline_Repeats!H42:H51)*100 -> 7.9565402 | H6: =COUNT(Raw_SRC_V16C_Repeats!H42:H51) -> 10 | I6: =AVERAGE(Raw_SRC_V16C_Repeats!G42:G51)*100 -> 87.758621 | J6: =_xlfn.STDEV.S(Raw_SRC_V16C_Repeats!G42:G51)*100 -> 2.4985132 | K6: =AVERAGE(Raw_SRC_V16C_Repeats!H42:H51)*100 -> 86.315789 | L6: =_xlfn.STDEV.S(Raw_SRC_V16C_Repeats!H42:H51)*100 -> 4.0768246 | M6: =K6-F6 -> 7.9374113
A7: wisconsin | B7: GraphSAGE | C7: =COUNT(Raw_Strongest_Baseline_Repeats!H52:H61) -> 10 | D7: =AVERAGE(Raw_Strongest_Baseline_Repeats!G52:G61)*100 -> 82.125 | E7: =_xlfn.STDEV.S(Raw_Strongest_Baseline_Repeats!G52:G61)*100 -> 4.1268926 | F7: =AVERAGE(Raw_Strongest_Baseline_Repeats!H52:H61)*100 -> 81.960785 | G7: =_xlfn.STDEV.S(Raw_Strongest_Baseline_Repeats!H52:H61)*100 -> 3.1751522 | H7: =COUNT(Raw_SRC_V16C_Repeats!H52:H61) -> 10 | I7: =AVERAGE(Raw_SRC_V16C_Repeats!G52:G61)*100 -> 85.25 | J7: =_xlfn.STDEV.S(Raw_SRC_V16C_Repeats!G52:G61)*100 -> 1.5365907 | K7: =AVERAGE(Raw_SRC_V16C_Repeats!H52:H61)*100 -> 84.313725 | L7: =_xlfn.STDEV.S(Raw_SRC_V16C_Repeats!H52:H61)*100 -> 4.2357782 | M7: =K7-F7 -> 2.3529401
A9: Average | F9: =AVERAGE(F2:F7) -> 77.817356 | K9: =AVERAGE(K2:K7) -> 80.997103 | M9: =AVERAGE(M2:M7) -> 3.1797471

Sheet Final_Table_Sections
A1: Dataset | B1: Entry | C1: Method | D1: n | E1: Train Mean % | F1: Train Std % | G1: Val Mean % | H1: Val Std % | I1: Test Mean % | J1: Test Std % | K1: Gain vs strongest baseline (pp) | L1: Repeat | M1: Seed | N1: Split ID | O1: Split policy | P1: Train Acc % | Q1: Val Acc % | R1: Test Acc % | S1: Test Acc raw | T1: Val Bal Acc % | U1: top_k | V1: dim | W1: energy | X1: alphas | Y1: w | Z1: feature_variant | AA1: selection_rule | AB1: source_file | AC1: source_line
A2: Dataset: amazon-computers
A3: amazon-computers | B3: Strongest baseline summary | C3: GraphSAGE | D3: =COUNT(Raw_Strongest_Baseline_Repeats!H2:H11) -> 10 | E3: =AVERAGE(Raw_Strongest_Baseline_Repeats!F2:F11)*100 -> 95.849999 | F3: =_xlfn.STDEV.S(Raw_Strongest_Baseline_Repeats!F2:F11)*100 -> 1.2030059 | G3: =AVERAGE(Raw_Strongest_Baseline_Repeats!G2:G11)*100 -> 85.5 | H3: =_xlfn.STDEV.S(Raw_Strongest_Baseline_Repeats!G2:G11)*100 -> 2.3946959 | I3: =AVERAGE(Raw_Strongest_Baseline_Repeats!H2:H11)*100 -> 77.458496 | J3: =_xlfn.STDEV.S(Raw_Strongest_Baseline_Repeats!H2:H11)*100 -> 1.8749279 | AB3: pyg_baselines_fair_best_by_val_partial(1)(1).csv | AC3: rows 2-11 in Raw_Strongest_Baseline_Repeats
A4: amazon-computers | B4: SRC-v16c summary | C4: SRC-v16c | D4: =COUNT(Raw_SRC_V16C_Repeats!H2:H11) -> 10 | E4: =AVERAGE(Raw_SRC_V16C_Repeats!F2:F11)*100 -> 100 | F4: =_xlfn.STDEV.S(Raw_SRC_V16C_Repeats!F2:F11)*100 -> 0 | G4: =AVERAGE(Raw_SRC_V16C_Repeats!G2:G11)*100 -> 85.466667 | H4: =_xlfn.STDEV.S(Raw_SRC_V16C_Repeats!G2:G11)*100 -> 1.239275 | I4: =AVERAGE(Raw_SRC_V16C_Repeats!H2:H11)*100 -> 78.709629 | J4: =_xlfn.STDEV.S(Raw_SRC_V16C_Repeats!H2:H11)*100 -> 1.1547438 | K4: =I4-I3 -> 1.2511326 | AB4: SRC-v16c repeat rows: final 6-dataset package + chameleon CSV | AC4: Raw_SRC_V16C_Repeats rows 2-11
A5: =Raw_SRC_V16C_Repeats!A2 -> amazon-computers | B5: ="SRC-v16c repeat "&Raw_SRC_V16C_Repeats!B2 -> SRC-v16c repeat 0 | C5: SRC-v16c | L5: =Raw_SRC_V16C_Repeats!B2 -> 0 | M5: =Raw_SRC_V16C_Repeats!C2 -> 20260419 | N5: =Raw_SRC_V16C_Repeats!D2 -> 0 | O5: =Raw_SRC_V16C_Repeats!E2 -> class_balanced_random_20_train_30_val_per_class | P5: =Raw_SRC_V16C_Repeats!F2*100 -> 100 | Q5: =Raw_SRC_V16C_Repeats!G2*100 -> 85.333333 | R5: =Raw_SRC_V16C_Repeats!H2*100 -> 77.618473 | S5: =Raw_SRC_V16C_Repeats!H2 -> 0.77618473 | T5: =Raw_SRC_V16C_Repeats!I2*100 -> 85.333333 | U5: =Raw_SRC_V16C_Repeats!J2 -> 4000 | V5: =Raw_SRC_V16C_Repeats!K2 -> 64 | W5: =Raw_SRC_V16C_Repeats!L2 -> 0.95 | X5: =Raw_SRC_V16C_Repeats!M2 -> (0.05, 0.5, 5.0) | Y5: =Raw_SRC_V16C_Repeats!N2 -> 0.6 | Z5: =Raw_SRC_V16C_Repeats!O2 -> full | AA5: =Raw_SRC_V16C_Repeats!P2 -> grid_selected_by_val_only_no_test | AB5: =Raw_SRC_V16C_Repeats!R2 -> src_v16c_final_6datasets_repeat_rows.csv | AC5: =Raw_SRC_V16C_Repeats!S2 -> 42
A6: =Raw_SRC_V16C_Repeats!A3 -> amazon-computers | B6: ="SRC-v16c repeat "&Raw_SRC_V16C_Repeats!B3 -> SRC-v16c repeat 1 | C6: SRC-v16c | L6: =Raw_SRC_V16C_Repeats!B3 -> 1 | M6: =Raw_SRC_V16C_Repeats!C3 -> 20260420 | N6: =Raw_SRC_V16C_Repeats!D3 -> 0 | O6: =Raw_SRC_V16C_Repeats!E3 -> class_balanced_random_20_train_30_val_per_class | P6: =Raw_SRC_V16C_Repeats!F3*100 -> 100 | Q6: =Raw_SRC_V16C_Repeats!G3*100 -> 86.666667 | R6: =Raw_SRC_V16C_Repeats!H3*100 -> 80.485964 | S6: =Raw_SRC_V16C_Repeats!H3 -> 0.80485964 | T6: =Raw_SRC_V16C_Repeats!I3*100 -> 86.666667 | U6: =Raw_SRC_V16C_Repeats!J3 -> 4000 | V6: =Raw_SRC_V16C_Repeats!K3 -> 64 | W6: =Raw_SRC_V16C_Repeats!L3 -> 0.95 | X6: =Raw_SRC_V16C_Repeats!M3 -> (0.01, 0.1, 1.0) | Y6: =Raw_SRC_V16C_Repeats!N3 -> 0.4 | Z6: =Raw_SRC_V16C_Repeats!O3 -> full | AA6: =Raw_SRC_V16C_Repeats!P3 -> grid_selected_by_val_only_no_test | AB6: =Raw_SRC_V16C_Repeats!R3 -> src_v16c_final_6datasets_repeat_rows.csv | AC6: =Raw_SRC_V16C_Repeats!S3 -> 43
A7: =Raw_SRC_V16C_Repeats!A4 -> amazon-computers | B7: ="SRC-v16c repeat "&Raw_SRC_V16C_Repeats!B4 -> SRC-v16c repeat 2 | C7: SRC-v16c | L7: =Raw_SRC_V16C_Repeats!B4 -> 2 | M7: =Raw_SRC_V16C_Repeats!C4 -> 20260421 | N7: =Raw_SRC_V16C_Repeats!D4 -> 0 | O7: =Raw_SRC_V16C_Repeats!E4 -> class_balanced_random_20_train_30_val_per_class | P7: =Raw_SRC_V16C_Repeats!F4*100 -> 100 | Q7: =Raw_SRC_V16C_Repeats!G4*100 -> 84.333333 | R7: =Raw_SRC_V16C_Repeats!H4*100 -> 77.41473 | S7: =Raw_SRC_V16C_Repeats!H4 -> 0.7741473 | T7: =Raw_SRC_V16C_Repeats!I4*100 -> 84.333333 | U7: =Raw_SRC_V16C_Repeats!J4 -> 4000 | V7: =Raw_SRC_V16C_Repeats!K4 -> 64 | W7: =Raw_SRC_V16C_Repeats!L4 -> 0.99 | X7: =Raw_SRC_V16C_Repeats!M4 -> (0.05, 0.5, 5.0) | Y7: =Raw_SRC_V16C_Repeats!N4 -> 0.6 | Z7: =Raw_SRC_V16C_Repeats!O4 -> full | AA7: =Raw_SRC_V16C_Repeats!P4 -> grid_selected_by_val_only_no_test | AB7: =Raw_SRC_V16C_Repeats!R4 -> src_v16c_final_6datasets_repeat_rows.csv | AC7: =Raw_SRC_V16C_Repeats!S4 -> 44
A8: =Raw_SRC_V16C_Repeats!A5 -> amazon-computers | B8: ="SRC-v16c repeat "&Raw_SRC_V16C_Repeats!B5 -> SRC-v16c repeat 3 | C8: SRC-v16c | L8: =Raw_SRC_V16C_Repeats!B5 -> 3 | M8: =Raw_SRC_V16C_Repeats!C5 -> 20260422 | N8: =Raw_SRC_V16C_Repeats!D5 -> 0 | O8: =Raw_SRC_V16C_Repeats!E5 -> class_balanced_random_20_train_30_val_per_class | P8: =Raw_SRC_V16C_Repeats!F5*100 -> 100 | Q8: =Raw_SRC_V16C_Repeats!G5*100 -> 86 | R8: =Raw_SRC_V16C_Repeats!H5*100 -> 79.603079 | S8: =Raw_SRC_V16C_Repeats!H5 -> 0.79603079 | T8: =Raw_SRC_V16C_Repeats!I5*100 -> 86 | U8: =Raw_SRC_V16C_Repeats!J5 -> 4000 | V8: =Raw_SRC_V16C_Repeats!K5 -> 64 | W8: =Raw_SRC_V16C_Repeats!L5 -> 0.95 | X8: =Raw_SRC_V16C_Repeats!M5 -> (0.01, 0.1, 1.0) | Y8: =Raw_SRC_V16C_Repeats!N5 -> 0.6 | Z8: =Raw_SRC_V16C_Repeats!O5 -> full | AA8: =Raw_SRC_V16C_Repeats!P5 -> grid_selected_by_val_only_no_test | AB8: =Raw_SRC_V16C_Repeats!R5 -> src_v16c_final_6datasets_repeat_rows.csv | AC8: =Raw_SRC_V16C_Repeats!S5 -> 45
A9: =Raw_SRC_V16C_Repeats!A6 -> amazon-computers | B9: ="SRC-v16c repeat "&Raw_SRC_V16C_Repeats!B6 -> SRC-v16c repeat 4 | C9: SRC-v16c | L9: =Raw_SRC_V16C_Repeats!B6 -> 4 | M9: =Raw_SRC_V16C_Repeats!C6 -> 20260423 | N9: =Raw_SRC_V16C_Repeats!D6 -> 0 | O9: =Raw_SRC_V16C_Repeats!E6 -> class_balanced_random_20_train_30_val_per_class | P9: =Raw_SRC_V16C_Repeats!F6*100 -> 100 | Q9: =Raw_SRC_V16C_Repeats!G6*100 -> 86 | R9: =Raw_SRC_V16C_Repeats!H6*100 -> 79.022034 | S9: =Raw_SRC_V16C_Repeats!H6 -> 0.79022034 | T9: =Raw_SRC_V16C_Repeats!I6*100 -> 86 | U9: =Raw_SRC_V16C_Repeats!J6 -> 4000 | V9: =Raw_SRC_V16C_Repeats!K6 -> 64 | W9: =Raw_SRC_V16C_Repeats!L6 -> 0.95 | X9: =Raw_SRC_V16C_Repeats!M6 -> (0.01, 0.1, 1.0) | Y9: =Raw_SRC_V16C_Repeats!N6 -> 0.4 | Z9: =Raw_SRC_V16C_Repeats!O6 -> full | AA9: =Raw_SRC_V16C_Repeats!P6 -> grid_selected_by_val_only_no_test | AB9: =Raw_SRC_V16C_Repeats!R6 -> src_v16c_final_6datasets_repeat_rows.csv | AC9: =Raw_SRC_V16C_Repeats!S6 -> 46
A10: =Raw_SRC_V16C_Repeats!A7 -> amazon-computers | B10: ="SRC-v16c repeat "&Raw_SRC_V16C_Repeats!B7 -> SRC-v16c repeat 5 | C10: SRC-v16c | L10: =Raw_SRC_V16C_Repeats!B7 -> 5 | M10: =Raw_SRC_V16C_Repeats!C7 -> 20260424 | N10: =Raw_SRC_V16C_Repeats!D7 -> 0 | O10: =Raw_SRC_V16C_Repeats!E7 -> class_balanced_random_20_train_30_val_per_class | P10: =Raw_SRC_V16C_Repeats!F7*100 -> 100 | Q10: =Raw_SRC_V16C_Repeats!G7*100 -> 84.666667 | R10: =Raw_SRC_V16C_Repeats!H7*100 -> 79.014488 | S10: =Raw_SRC_V16C_Repeats!H7 -> 0.79014488 | T10: =Raw_SRC_V16C_Repeats!I7*100 -> 84.666667 | U10: =Raw_SRC_V16C_Repeats!J7 -> 4000 | V10: =Raw_SRC_V16C_Repeats!K7 -> 64 | W10: =Raw_SRC_V16C_Repeats!L7 -> 0.95 | X10: =Raw_SRC_V16C_Repeats!M7 -> (0.01, 0.1, 1.0) | Y10: =Raw_SRC_V16C_Repeats!N7 -> 0.4 | Z10: =Raw_SRC_V16C_Repeats!O7 -> full | AA10: =Raw_SRC_V16C_Repeats!P7 -> grid_selected_by_val_only_no_test | AB10: =Raw_SRC_V16C_Repeats!R7 -> src_v16c_final_6datasets_repeat_rows.csv | AC10: =Raw_SRC_V16C_Repeats!S7 -> 47
A11: =Raw_SRC_V16C_Repeats!A8 -> amazon-computers | B11: ="SRC-v16c repeat "&Raw_SRC_V16C_Repeats!B8 -> SRC-v16c repeat 6 | C11: SRC-v16c | L11: =Raw_SRC_V16C_Repeats!B8 -> 6 | M11: =Raw_SRC_V16C_Repeats!C8 -> 20260425 | N11: =Raw_SRC_V16C_Repeats!D8 -> 0 | O11: =Raw_SRC_V16C_Repeats!E8 -> class_balanced_random_20_train_30_val_per_class | P11: =Raw_SRC_V16C_Repeats!F8*100 -> 100 | Q11: =Raw_SRC_V16C_Repeats!G8*100 -> 86 | R11: =Raw_SRC_V16C_Repeats!H8*100 -> 78.773015 | S11: =Raw_SRC_V16C_Repeats!H8 -> 0.78773015 | T11: =Raw_SRC_V16C_Repeats!I8*100 -> 86 | U11: =Raw_SRC_V16C_Repeats!J8 -> 4000 | V11: =Raw_SRC_V16C_Repeats!K8 -> 64 | W11: =Raw_SRC_V16C_Repeats!L8 -> 0.95 | X11: =Raw_SRC_V16C_Repeats!M8 -> (0.01, 0.1, 1.0) | Y11: =Raw_SRC_V16C_Repeats!N8 -> 0.4 | Z11: =Raw_SRC_V16C_Repeats!O8 -> full | AA11: =Raw_SRC_V16C_Repeats!P8 -> grid_selected_by_val_only_no_test | AB11: =Raw_SRC_V16C_Repeats!R8 -> src_v16c_final_6datasets_repeat_rows.csv | AC11: =Raw_SRC_V16C_Repeats!S8 -> 48
A12: =Raw_SRC_V16C_Repeats!A9 -> amazon-computers | B12: ="SRC-v16c repeat "&Raw_SRC_V16C_Repeats!B9 -> SRC-v16c repeat 7 | C12: SRC-v16c | L12: =Raw_SRC_V16C_Repeats!B9 -> 7 | M12: =Raw_SRC_V16C_Repeats!C9 -> 20260426 | N12: =Raw_SRC_V16C_Repeats!D9 -> 0 | O12: =Raw_SRC_V16C_Repeats!E9 -> class_balanced_random_20_train_30_val_per_class | P12: =Raw_SRC_V16C_Repeats!F9*100 -> 100 | Q12: =Raw_SRC_V16C_Repeats!G9*100 -> 85.333333 | R12: =Raw_SRC_V16C_Repeats!H9*100 -> 80.116209 | S12: =Raw_SRC_V16C_Repeats!H9 -> 0.80116209 | T12: =Raw_SRC_V16C_Repeats!I9*100 -> 85.333333 | U12: =Raw_SRC_V16C_Repeats!J9 -> 4000 | V12: =Raw_SRC_V16C_Repeats!K9 -> 64 | W12: =Raw_SRC_V16C_Repeats!L9 -> 0.95 | X12: =Raw_SRC_V16C_Repeats!M9 -> (0.01, 0.1, 1.0) | Y12: =Raw_SRC_V16C_Repeats!N9 -> 0.4 | Z12: =Raw_SRC_V16C_Repeats!O9 -> full | AA12: =Raw_SRC_V16C_Repeats!P9 -> grid_selected_by_val_only_no_test | AB12: =Raw_SRC_V16C_Repeats!R9 -> src_v16c_final_6datasets_repeat_rows.csv | AC12: =Raw_SRC_V16C_Repeats!S9 -> 49
A13: =Raw_SRC_V16C_Repeats!A10 -> amazon-computers | B13: ="SRC-v16c repeat "&Raw_SRC_V16C_Repeats!B10 -> SRC-v16c repeat 8 | C13: SRC-v16c | L13: =Raw_SRC_V16C_Repeats!B10 -> 8 | M13: =Raw_SRC_V16C_Repeats!C10 -> 20260427 | N13: =Raw_SRC_V16C_Repeats!D10 -> 0 | O13: =Raw_SRC_V16C_Repeats!E10 -> class_balanced_random_20_train_30_val_per_class | P13: =Raw_SRC_V16C_Repeats!F10*100 -> 100 | Q13: =Raw_SRC_V16C_Repeats!G10*100 -> 87.333333 | R13: =Raw_SRC_V16C_Repeats!H10*100 -> 77.210987 | S13: =Raw_SRC_V16C_Repeats!H10 -> 0.77210987 | T13: =Raw_SRC_V16C_Repeats!I10*100 -> 87.333333 | U13: =Raw_SRC_V16C_Repeats!J10 -> 4000 | V13: =Raw_SRC_V16C_Repeats!K10 -> 64 | W13: =Raw_SRC_V16C_Repeats!L10 -> 0.95 | X13: =Raw_SRC_V16C_Repeats!M10 -> (0.01, 0.1, 1.0) | Y13: =Raw_SRC_V16C_Repeats!N10 -> 0.6 | Z13: =Raw_SRC_V16C_Repeats!O10 -> full | AA13: =Raw_SRC_V16C_Repeats!P10 -> grid_selected_by_val_only_no_test | AB13: =Raw_SRC_V16C_Repeats!R10 -> src_v16c_final_6datasets_repeat_rows.csv | AC13: =Raw_SRC_V16C_Repeats!S10 -> 50
A14: =Raw_SRC_V16C_Repeats!A11 -> amazon-computers | B14: ="SRC-v16c repeat "&Raw_SRC_V16C_Repeats!B11 -> SRC-v16c repeat 9 | C14: SRC-v16c | L14: =Raw_SRC_V16C_Repeats!B11 -> 9 | M14: =Raw_SRC_V16C_Repeats!C11 -> 20260428 | N14: =Raw_SRC_V16C_Repeats!D11 -> 0 | O14: =Raw_SRC_V16C_Repeats!E11 -> class_balanced_random_20_train_30_val_per_class | P14: =Raw_SRC_V16C_Repeats!F11*100 -> 100 | Q14: =Raw_SRC_V16C_Repeats!G11*100 -> 83 | R14: =Raw_SRC_V16C_Repeats!H11*100 -> 77.837308 | S14: =Raw_SRC_V16C_Repeats!H11 -> 0.77837308 | T14: =Raw_SRC_V16C_Repeats!I11*100 -> 83 | U14: =Raw_SRC_V16C_Repeats!J11 -> 4000 | V14: =Raw_SRC_V16C_Repeats!K11 -> 64 | W14: =Raw_SRC_V16C_Repeats!L11 -> 0.95 | X14: =Raw_SRC_V16C_Repeats!M11 -> (0.01, 0.1, 1.0) | Y14: =Raw_SRC_V16C_Repeats!N11 -> 0.6 | Z14: =Raw_SRC_V16C_Repeats!O11 -> full | AA14: =Raw_SRC_V16C_Repeats!P11 -> grid_selected_by_val_only_no_test | AB14: =Raw_SRC_V16C_Repeats!R11 -> src_v16c_final_6datasets_repeat_rows.csv | AC14: =Raw_SRC_V16C_Repeats!S11 -> 51
A16: Dataset: amazon-photo
A17: amazon-photo | B17: Strongest baseline summary | C17: GraphSAGE | D17: =COUNT(Raw_Strongest_Baseline_Repeats!H12:H21) -> 10 | E17: =AVERAGE(Raw_Strongest_Baseline_Repeats!F12:F21)*100 -> 98.750001 | F17: =_xlfn.STDEV.S(Raw_Strongest_Baseline_Repeats!F12:F21)*100 -> 0.88388263 | G17: =AVERAGE(Raw_Strongest_Baseline_Repeats!G12:G21)*100 -> 91 | H17: =_xlfn.STDEV.S(Raw_Strongest_Baseline_Repeats!G12:G21)*100 -> 1.2453632 | I17: =AVERAGE(Raw_Strongest_Baseline_Repeats!H12:H21)*100 -> 87.586208 | J17: =_xlfn.STDEV.S(Raw_Strongest_Baseline_Repeats!H12:H21)*100 -> 1.3272796 | AB17: pyg_baselines_fair_best_by_val_partial(1)(1).csv | AC17: rows 12-21 in Raw_Strongest_Baseline_Repeats
A18: amazon-photo | B18: SRC-v16c summary | C18: SRC-v16c | D18: =COUNT(Raw_SRC_V16C_Repeats!H12:H21) -> 10 | E18: =AVERAGE(Raw_SRC_V16C_Repeats!F12:F21)*100 -> 100 | F18: =_xlfn.STDEV.S(Raw_SRC_V16C_Repeats!F12:F21)*100 -> 0 | G18: =AVERAGE(Raw_SRC_V16C_Repeats!G12:G21)*100 -> 91.666667 | H18: =_xlfn.STDEV.S(Raw_SRC_V16C_Repeats!G12:G21)*100 -> 2.2047928 | I18: =AVERAGE(Raw_SRC_V16C_Repeats!H12:H21)*100 -> 88.76 | J18: =_xlfn.STDEV.S(Raw_SRC_V16C_Repeats!H12:H21)*100 -> 1.3532785 | K18: =I18-I17 -> 1.173792 | AB18: SRC-v16c repeat rows: final 6-dataset package + chameleon CSV | AC18: Raw_SRC_V16C_Repeats rows 12-21
A19: =Raw_SRC_V16C_Repeats!A12 -> amazon-photo | B19: ="SRC-v16c repeat "&Raw_SRC_V16C_Repeats!B12 -> SRC-v16c repeat 0 | C19: SRC-v16c | L19: =Raw_SRC_V16C_Repeats!B12 -> 0 | M19: =Raw_SRC_V16C_Repeats!C12 -> 20260419 | N19: =Raw_SRC_V16C_Repeats!D12 -> 0 | O19: =Raw_SRC_V16C_Repeats!E12 -> class_balanced_random_20_train_30_val_per_class | P19: =Raw_SRC_V16C_Repeats!F12*100 -> 100 | Q19: =Raw_SRC_V16C_Repeats!G12*100 -> 92.5 | R19: =Raw_SRC_V16C_Repeats!H12*100 -> 88.675862 | S19: =Raw_SRC_V16C_Repeats!H12 -> 0.88675862 | T19: =Raw_SRC_V16C_Repeats!I12*100 -> 92.5 | U19: =Raw_SRC_V16C_Repeats!J12 -> 4000 | V19: =Raw_SRC_V16C_Repeats!K12 -> 32 | W19: =Raw_SRC_V16C_Repeats!L12 -> 0.9 | X19: =Raw_SRC_V16C_Repeats!M12 -> (0.01, 0.1, 1.0) | Y19: =Raw_SRC_V16C_Repeats!N12 -> 0.4 | Z19: =Raw_SRC_V16C_Repeats!O12 -> full | AA19: =Raw_SRC_V16C_Repeats!P12 -> grid_selected_by_val_only_no_test | AB19: =Raw_SRC_V16C_Repeats!R12 -> src_v16c_final_6datasets_repeat_rows.csv | AC19: =Raw_SRC_V16C_Repeats!S12 -> 32
A20: =Raw_SRC_V16C_Repeats!A13 -> amazon-photo | B20: ="SRC-v16c repeat "&Raw_SRC_V16C_Repeats!B13 -> SRC-v16c repeat 1 | C20: SRC-v16c | L20: =Raw_SRC_V16C_Repeats!B13 -> 1 | M20: =Raw_SRC_V16C_Repeats!C13 -> 20260420 | N20: =Raw_SRC_V16C_Repeats!D13 -> 0 | O20: =Raw_SRC_V16C_Repeats!E13 -> class_balanced_random_20_train_30_val_per_class | P20: =Raw_SRC_V16C_Repeats!F13*100 -> 100 | Q20: =Raw_SRC_V16C_Repeats!G13*100 -> 94.583333 | R20: =Raw_SRC_V16C_Repeats!H13*100 -> 88.97931 | S20: =Raw_SRC_V16C_Repeats!H13 -> 0.8897931 | T20: =Raw_SRC_V16C_Repeats!I13*100 -> 94.583333 | U20: =Raw_SRC_V16C_Repeats!J13 -> 4000 | V20: =Raw_SRC_V16C_Repeats!K13 -> 32 | W20: =Raw_SRC_V16C_Repeats!L13 -> 0.9 | X20: =Raw_SRC_V16C_Repeats!M13 -> (0.01, 0.1, 1.0) | Y20: =Raw_SRC_V16C_Repeats!N13 -> 0.7 | Z20: =Raw_SRC_V16C_Repeats!O13 -> full | AA20: =Raw_SRC_V16C_Repeats!P13 -> grid_selected_by_val_only_no_test | AB20: =Raw_SRC_V16C_Repeats!R13 -> src_v16c_final_6datasets_repeat_rows.csv | AC20: =Raw_SRC_V16C_Repeats!S13 -> 33
A21: =Raw_SRC_V16C_Repeats!A14 -> amazon-photo | B21: ="SRC-v16c repeat "&Raw_SRC_V16C_Repeats!B14 -> SRC-v16c repeat 2 | C21: SRC-v16c | L21: =Raw_SRC_V16C_Repeats!B14 -> 2 | M21: =Raw_SRC_V16C_Repeats!C14 -> 20260421 | N21: =Raw_SRC_V16C_Repeats!D14 -> 0 | O21: =Raw_SRC_V16C_Repeats!E14 -> class_balanced_random_20_train_30_val_per_class | P21: =Raw_SRC_V16C_Repeats!F14*100 -> 100 | Q21: =Raw_SRC_V16C_Repeats!G14*100 -> 90 | R21: =Raw_SRC_V16C_Repeats!H14*100 -> 85.682759 | S21: =Raw_SRC_V16C_Repeats!H14 -> 0.85682759 | T21: =Raw_SRC_V16C_Repeats!I14*100 -> 90 | U21: =Raw_SRC_V16C_Repeats!J14 -> 4000 | V21: =Raw_SRC_V16C_Repeats!K14 -> 32 | W21: =Raw_SRC_V16C_Repeats!L14 -> 0.9 | X21: =Raw_SRC_V16C_Repeats!M14 -> (0.05, 0.5, 5.0) | Y21: =Raw_SRC_V16C_Repeats!N14 -> 0.6 | Z21: =Raw_SRC_V16C_Repeats!O14 -> full | AA21: =Raw_SRC_V16C_Repeats!P14 -> grid_selected_by_val_only_no_test | AB21: =Raw_SRC_V16C_Repeats!R14 -> src_v16c_final_6datasets_repeat_rows.csv | AC21: =Raw_SRC_V16C_Repeats!S14 -> 34
A22: =Raw_SRC_V16C_Repeats!A15 -> amazon-photo | B22: ="SRC-v16c repeat "&Raw_SRC_V16C_Repeats!B15 -> SRC-v16c repeat 3 | C22: SRC-v16c | L22: =Raw_SRC_V16C_Repeats!B15 -> 3 | M22: =Raw_SRC_V16C_Repeats!C15 -> 20260422 | N22: =Raw_SRC_V16C_Repeats!D15 -> 0 | O22: =Raw_SRC_V16C_Repeats!E15 -> class_balanced_random_20_train_30_val_per_class | P22: =Raw_SRC_V16C_Repeats!F15*100 -> 100 | Q22: =Raw_SRC_V16C_Repeats!G15*100 -> 89.166667 | R22: =Raw_SRC_V16C_Repeats!H15*100 -> 89.958621 | S22: =Raw_SRC_V16C_Repeats!H15 -> 0.89958621 | T22: =Raw_SRC_V16C_Repeats!I15*100 -> 89.166667 | U22: =Raw_SRC_V16C_Repeats!J15 -> 4000 | V22: =Raw_SRC_V16C_Repeats!K15 -> 32 | W22: =Raw_SRC_V16C_Repeats!L15 -> 0.9 | X22: =Raw_SRC_V16C_Repeats!M15 -> (0.01, 0.1, 1.0) | Y22: =Raw_SRC_V16C_Repeats!N15 -> 0.8 | Z22: =Raw_SRC_V16C_Repeats!O15 -> full | AA22: =Raw_SRC_V16C_Repeats!P15 -> grid_selected_by_val_only_no_test | AB22: =Raw_SRC_V16C_Repeats!R15 -> src_v16c_final_6datasets_repeat_rows.csv | AC22: =Raw_SRC_V16C_Repeats!S15 -> 35
A23: =Raw_SRC_V16C_Repeats!A16 -> amazon-photo | B23: ="SRC-v16c repeat "&Raw_SRC_V16C_Repeats!B16 -> SRC-v16c repeat 4 | C23: SRC-v16c | L23: =Raw_SRC_V16C_Repeats!B16 -> 4 | M23: =Raw_SRC_V16C_Repeats!C16 -> 20260423 | N23: =Raw_SRC_V16C_Repeats!D16 -> 0 | O23: =Raw_SRC_V16C_Repeats!E16 -> class_balanced_random_20_train_30_val_per_class | P23: =Raw_SRC_V16C_Repeats!F16*100 -> 100 | Q23: =Raw_SRC_V16C_Repeats!G16*100 -> 91.25 | R23: =Raw_SRC_V16C_Repeats!H16*100 -> 89.489655 | S23: =Raw_SRC_V16C_Repeats!H16 -> 0.89489655 | T23: =Raw_SRC_V16C_Repeats!I16*100 -> 91.25 | U23: =Raw_SRC_V16C_Repeats!J16 -> 4000 | V23: =Raw_SRC_V16C_Repeats!K16 -> 32 | W23: =Raw_SRC_V16C_Repeats!L16 -> 0.9 | X23: =Raw_SRC_V16C_Repeats!M16 -> (0.1, 1.0, 10.0) | Y23: =Raw_SRC_V16C_Repeats!N16 -> 0.7 | Z23: =Raw_SRC_V16C_Repeats!O16 -> full | AA23: =Raw_SRC_V16C_Repeats!P16 -> grid_selected_by_val_only_no_test | AB23: =Raw_SRC_V16C_Repeats!R16 -> src_v16c_final_6datasets_repeat_rows.csv | AC23: =Raw_SRC_V16C_Repeats!S16 -> 36
A24: =Raw_SRC_V16C_Repeats!A17 -> amazon-photo | B24: ="SRC-v16c repeat "&Raw_SRC_V16C_Repeats!B17 -> SRC-v16c repeat 5 | C24: SRC-v16c | L24: =Raw_SRC_V16C_Repeats!B17 -> 5 | M24: =Raw_SRC_V16C_Repeats!C17 -> 20260424 | N24: =Raw_SRC_V16C_Repeats!D17 -> 0 | O24: =Raw_SRC_V16C_Repeats!E17 -> class_balanced_random_20_train_30_val_per_class | P24: =Raw_SRC_V16C_Repeats!F17*100 -> 100 | Q24: =Raw_SRC_V16C_Repeats!G17*100 -> 94.583333 | R24: =Raw_SRC_V16C_Repeats!H17*100 -> 89.475862 | S24: =Raw_SRC_V16C_Repeats!H17 -> 0.89475862 | T24: =Raw_SRC_V16C_Repeats!I17*100 -> 94.583333 | U24: =Raw_SRC_V16C_Repeats!J17 -> 5000 | V24: =Raw_SRC_V16C_Repeats!K17 -> 32 | W24: =Raw_SRC_V16C_Repeats!L17 -> 0.9 | X24: =Raw_SRC_V16C_Repeats!M17 -> (0.01, 0.1, 1.0) | Y24: =Raw_SRC_V16C_Repeats!N17 -> 0.6 | Z24: =Raw_SRC_V16C_Repeats!O17 -> full | AA24: =Raw_SRC_V16C_Repeats!P17 -> grid_selected_by_val_only_no_test | AB24: =Raw_SRC_V16C_Repeats!R17 -> src_v16c_final_6datasets_repeat_rows.csv | AC24: =Raw_SRC_V16C_Repeats!S17 -> 37
A25: =Raw_SRC_V16C_Repeats!A18 -> amazon-photo | B25: ="SRC-v16c repeat "&Raw_SRC_V16C_Repeats!B18 -> SRC-v16c repeat 6 | C25: SRC-v16c | L25: =Raw_SRC_V16C_Repeats!B18 -> 6 | M25: =Raw_SRC_V16C_Repeats!C18 -> 20260425 | N25: =Raw_SRC_V16C_Repeats!D18 -> 0 | O25: =Raw_SRC_V16C_Repeats!E18 -> class_balanced_random_20_train_30_val_per_class | P25: =Raw_SRC_V16C_Repeats!F18*100 -> 100 | Q25: =Raw_SRC_V16C_Repeats!G18*100 -> 89.166667 | R25: =Raw_SRC_V16C_Repeats!H18*100 -> 88.606897 | S25: =Raw_SRC_V16C_Repeats!H18 -> 0.88606897 | T25: =Raw_SRC_V16C_Repeats!I18*100 -> 89.166667 | U25: =Raw_SRC_V16C_Repeats!J18 -> 4000 | V25: =Raw_SRC_V16C_Repeats!K18 -> 32 | W25: =Raw_SRC_V16C_Repeats!L18 -> 0.9 | X25: =Raw_SRC_V16C_Repeats!M18 -> (0.01, 0.1, 1.0) | Y25: =Raw_SRC_V16C_Repeats!N18 -> 0.5 | Z25: =Raw_SRC_V16C_Repeats!O18 -> full | AA25: =Raw_SRC_V16C_Repeats!P18 -> grid_selected_by_val_only_no_test | AB25: =Raw_SRC_V16C_Repeats!R18 -> src_v16c_final_6datasets_repeat_rows.csv | AC25: =Raw_SRC_V16C_Repeats!S18 -> 38
A26: =Raw_SRC_V16C_Repeats!A19 -> amazon-photo | B26: ="SRC-v16c repeat "&Raw_SRC_V16C_Repeats!B19 -> SRC-v16c repeat 7 | C26: SRC-v16c | L26: =Raw_SRC_V16C_Repeats!B19 -> 7 | M26: =Raw_SRC_V16C_Repeats!C19 -> 20260426 | N26: =Raw_SRC_V16C_Repeats!D19 -> 0 | O26: =Raw_SRC_V16C_Repeats!E19 -> class_balanced_random_20_train_30_val_per_class | P26: =Raw_SRC_V16C_Repeats!F19*100 -> 100 | Q26: =Raw_SRC_V16C_Repeats!G19*100 -> 93.333333 | R26: =Raw_SRC_V16C_Repeats!H19*100 -> 87.806897 | S26: =Raw_SRC_V16C_Repeats!H19 -> 0.87806897 | T26: =Raw_SRC_V16C_Repeats!I19*100 -> 93.333333 | U26: =Raw_SRC_V16C_Repeats!J19 -> 4000 | V26: =Raw_SRC_V16C_Repeats!K19 -> 32 | W26: =Raw_SRC_V16C_Repeats!L19 -> 0.95 | X26: =Raw_SRC_V16C_Repeats!M19 -> (0.01, 0.1, 1.0) | Y26: =Raw_SRC_V16C_Repeats!N19 -> 0.3 | Z26: =Raw_SRC_V16C_Repeats!O19 -> full | AA26: =Raw_SRC_V16C_Repeats!P19 -> grid_selected_by_val_only_no_test | AB26: =Raw_SRC_V16C_Repeats!R19 -> src_v16c_final_6datasets_repeat_rows.csv | AC26: =Raw_SRC_V16C_Repeats!S19 -> 39
A27: =Raw_SRC_V16C_Repeats!A20 -> amazon-photo | B27: ="SRC-v16c repeat "&Raw_SRC_V16C_Repeats!B20 -> SRC-v16c repeat 8 | C27: SRC-v16c | L27: =Raw_SRC_V16C_Repeats!B20 -> 8 | M27: =Raw_SRC_V16C_Repeats!C20 -> 20260427 | N27: =Raw_SRC_V16C_Repeats!D20 -> 0 | O27: =Raw_SRC_V16C_Repeats!E20 -> class_balanced_random_20_train_30_val_per_class | P27: =Raw_SRC_V16C_Repeats!F20*100 -> 100 | Q27: =Raw_SRC_V16C_Repeats!G20*100 -> 92.916667 | R27: =Raw_SRC_V16C_Repeats!H20*100 -> 90.593103 | S27: =Raw_SRC_V16C_Repeats!H20 -> 0.90593103 | T27: =Raw_SRC_V16C_Repeats!I20*100 -> 92.916667 | U27: =Raw_SRC_V16C_Repeats!J20 -> 4000 | V27: =Raw_SRC_V16C_Repeats!K20 -> 32 | W27: =Raw_SRC_V16C_Repeats!L20 -> 0.9 | X27: =Raw_SRC_V16C_Repeats!M20 -> (0.01, 0.1, 1.0) | Y27: =Raw_SRC_V16C_Repeats!N20 -> 0.5 | Z27: =Raw_SRC_V16C_Repeats!O20 -> full | AA27: =Raw_SRC_V16C_Repeats!P20 -> grid_selected_by_val_only_no_test | AB27: =Raw_SRC_V16C_Repeats!R20 -> src_v16c_final_6datasets_repeat_rows.csv | AC27: =Raw_SRC_V16C_Repeats!S20 -> 40
A28: =Raw_SRC_V16C_Repeats!A21 -> amazon-photo | B28: ="SRC-v16c repeat "&Raw_SRC_V16C_Repeats!B21 -> SRC-v16c repeat 9 | C28: SRC-v16c | L28: =Raw_SRC_V16C_Repeats!B21 -> 9 | M28: =Raw_SRC_V16C_Repeats!C21 -> 20260428 | N28: =Raw_SRC_V16C_Repeats!D21 -> 0 | O28: =Raw_SRC_V16C_Repeats!E21 -> class_balanced_random_20_train_30_val_per_class | P28: =Raw_SRC_V16C_Repeats!F21*100 -> 100 | Q28: =Raw_SRC_V16C_Repeats!G21*100 -> 89.166667 | R28: =Raw_SRC_V16C_Repeats!H21*100 -> 88.331034 | S28: =Raw_SRC_V16C_Repeats!H21 -> 0.88331034 | T28: =Raw_SRC_V16C_Repeats!I21*100 -> 89.166667 | U28: =Raw_SRC_V16C_Repeats!J21 -> 5000 | V28: =Raw_SRC_V16C_Repeats!K21 -> 32 | W28: =Raw_SRC_V16C_Repeats!L21 -> 0.9 | X28: =Raw_SRC_V16C_Repeats!M21 -> (0.01, 0.1, 1.0) | Y28: =Raw_SRC_V16C_Repeats!N21 -> 0.4 | Z28: =Raw_SRC_V16C_Repeats!O21 -> full | AA28: =Raw_SRC_V16C_Repeats!P21 -> grid_selected_by_val_only_no_test | AB28: =Raw_SRC_V16C_Repeats!R21 -> src_v16c_final_6datasets_repeat_rows.csv | AC28: =Raw_SRC_V16C_Repeats!S21 -> 41
A30: Dataset: chameleon
A31: chameleon | B31: Strongest baseline summary | C31: LINKX | D31: =COUNT(Raw_Strongest_Baseline_Repeats!H22:H31) -> 10 | E31: =AVERAGE(Raw_Strongest_Baseline_Repeats!F22:F31)*100 -> 99.890109 | F31: =_xlfn.STDEV.S(Raw_Strongest_Baseline_Repeats!F22:F31)*100 -> 0.19688015 | G31: =AVERAGE(Raw_Strongest_Baseline_Repeats!G22:G31)*100 -> 72.551439 | H31: =_xlfn.STDEV.S(Raw_Strongest_Baseline_Repeats!G22:G31)*100 -> 1.5898134 | I31: =AVERAGE(Raw_Strongest_Baseline_Repeats!H22:H31)*100 -> 71.249999 | J31: =_xlfn.STDEV.S(Raw_Strongest_Baseline_Repeats!H22:H31)*100 -> 1.485375 | AB31: pyg_baselines_fair_best_by_val_partial(1)(1).csv | AC31: rows 22-31 in Raw_Strongest_Baseline_Repeats
A32: chameleon | B32: SRC-v16c summary | C32: SRC-v16c | D32: =COUNT(Raw_SRC_V16C_Repeats!H22:H31) -> 10 | E32: =AVERAGE(Raw_SRC_V16C_Repeats!F22:F31)*100 -> 97.75641 | F32: =_xlfn.STDEV.S(Raw_SRC_V16C_Repeats!F22:F31)*100 -> 1.622284 | G32: =AVERAGE(Raw_SRC_V16C_Repeats!G22:G31)*100 -> 72.798354 | H32: =_xlfn.STDEV.S(Raw_SRC_V16C_Repeats!G22:G31)*100 -> 2.2862826 | I32: =AVERAGE(Raw_SRC_V16C_Repeats!H22:H31)*100 -> 72.47807 | J32: =_xlfn.STDEV.S(Raw_SRC_V16C_Repeats!H22:H31)*100 -> 1.8528935 | K32: =I32-I31 -> 1.2280708 | AB32: SRC-v16c repeat rows: final 6-dataset package + chameleon CSV | AC32: Raw_SRC_V16C_Repeats rows 22-31
A33: =Raw_SRC_V16C_Repeats!A22 -> chameleon | B33: ="SRC-v16c repeat "&Raw_SRC_V16C_Repeats!B22 -> SRC-v16c repeat 0 | C33: SRC-v16c | L33: =Raw_SRC_V16C_Repeats!B22 -> 0 | M33: =Raw_SRC_V16C_Repeats!C22 -> 0 | N33: =Raw_SRC_V16C_Repeats!D22 -> 0 | O33: =Raw_SRC_V16C_Repeats!E22 -> fixed_geom_gcn_split_id_0 | P33: =Raw_SRC_V16C_Repeats!F22*100 -> 98.992674 | Q33: =Raw_SRC_V16C_Repeats!G22*100 -> 73.9369 | R33: =Raw_SRC_V16C_Repeats!H22*100 -> 72.587719 | S33: =Raw_SRC_V16C_Repeats!H22 -> 0.72587719 | T33: =Raw_SRC_V16C_Repeats!I22*100 -> 73.882027 | U33: =Raw_SRC_V16C_Repeats!J22 -> 8000 | V33: =Raw_SRC_V16C_Repeats!K22 -> 96 | W33: =Raw_SRC_V16C_Repeats!L22 -> 0.95 | X33: =Raw_SRC_V16C_Repeats!M22 -> (0.01, 0.1, 1.0) | Y33: =Raw_SRC_V16C_Repeats!N22 -> 0.6 | Z33: =Raw_SRC_V16C_Repeats!O22 -> full | AA33: =Raw_SRC_V16C_Repeats!P22 -> grid_selected_by_val_only_no_test | AB33: =Raw_SRC_V16C_Repeats!R22 -> src_v16c_main_table_10repeat_rows(1).csv | AC33: =Raw_SRC_V16C_Repeats!S22 -> 2
A34: =Raw_SRC_V16C_Repeats!A23 -> chameleon | B34: ="SRC-v16c repeat "&Raw_SRC_V16C_Repeats!B23 -> SRC-v16c repeat 1 | C34: SRC-v16c | L34: =Raw_SRC_V16C_Repeats!B23 -> 1 | M34: =Raw_SRC_V16C_Repeats!C23 -> 1 | N34: =Raw_SRC_V16C_Repeats!D23 -> 0 | O34: =Raw_SRC_V16C_Repeats!E23 -> fixed_geom_gcn_split_id_1 | P34: =Raw_SRC_V16C_Repeats!F23*100 -> 98.443223 | Q34: =Raw_SRC_V16C_Repeats!G23*100 -> 70.507545 | R34: =Raw_SRC_V16C_Repeats!H23*100 -> 76.315789 | S34: =Raw_SRC_V16C_Repeats!H23 -> 0.76315789 | T34: =Raw_SRC_V16C_Repeats!I23*100 -> 70.331668 | U34: =Raw_SRC_V16C_Repeats!J23 -> 8000 | V34: =Raw_SRC_V16C_Repeats!K23 -> 64 | W34: =Raw_SRC_V16C_Repeats!L23 -> 0.9 | X34: =Raw_SRC_V16C_Repeats!M23 -> (0.01, 0.1, 1.0) | Y34: =Raw_SRC_V16C_Repeats!N23 -> 0.6 | Z34: =Raw_SRC_V16C_Repeats!O23 -> full | AA34: =Raw_SRC_V16C_Repeats!P23 -> grid_selected_by_val_only_no_test | AB34: =Raw_SRC_V16C_Repeats!R23 -> src_v16c_main_table_10repeat_rows(1).csv | AC34: =Raw_SRC_V16C_Repeats!S23 -> 3
A35: =Raw_SRC_V16C_Repeats!A24 -> chameleon | B35: ="SRC-v16c repeat "&Raw_SRC_V16C_Repeats!B24 -> SRC-v16c repeat 2 | C35: SRC-v16c | L35: =Raw_SRC_V16C_Repeats!B24 -> 2 | M35: =Raw_SRC_V16C_Repeats!C24 -> 2 | N35: =Raw_SRC_V16C_Repeats!D24 -> 0 | O35: =Raw_SRC_V16C_Repeats!E24 -> fixed_geom_gcn_split_id_2 | P35: =Raw_SRC_V16C_Repeats!F24*100 -> 99.175824 | Q35: =Raw_SRC_V16C_Repeats!G24*100 -> 73.9369 | R35: =Raw_SRC_V16C_Repeats!H24*100 -> 70.394737 | S35: =Raw_SRC_V16C_Repeats!H24 -> 0.70394737 | T35: =Raw_SRC_V16C_Repeats!I24*100 -> 74.750391 | U35: =Raw_SRC_V16C_Repeats!J24 -> 8000 | V35: =Raw_SRC_V16C_Repeats!K24 -> 96 | W35: =Raw_SRC_V16C_Repeats!L24 -> 0.99 | X35: =Raw_SRC_V16C_Repeats!M24 -> (0.01, 0.1, 1.0) | Y35: =Raw_SRC_V16C_Repeats!N24 -> 0.5 | Z35: =Raw_SRC_V16C_Repeats!O24 -> full | AA35: =Raw_SRC_V16C_Repeats!P24 -> grid_selected_by_val_only_no_test | AB35: =Raw_SRC_V16C_Repeats!R24 -> src_v16c_main_table_10repeat_rows(1).csv | AC35: =Raw_SRC_V16C_Repeats!S24 -> 4
A36: =Raw_SRC_V16C_Repeats!A25 -> chameleon | B36: ="SRC-v16c repeat "&Raw_SRC_V16C_Repeats!B25 -> SRC-v16c repeat 3 | C36: SRC-v16c | L36: =Raw_SRC_V16C_Repeats!B25 -> 3 | M36: =Raw_SRC_V16C_Repeats!C25 -> 3 | N36: =Raw_SRC_V16C_Repeats!D25 -> 0 | O36: =Raw_SRC_V16C_Repeats!E25 -> fixed_geom_gcn_split_id_3 | P36: =Raw_SRC_V16C_Repeats!F25*100 -> 96.336996 | Q36: =Raw_SRC_V16C_Repeats!G25*100 -> 75.034294 | R36: =Raw_SRC_V16C_Repeats!H25*100 -> 71.052632 | S36: =Raw_SRC_V16C_Repeats!H25 -> 0.71052632 | T36: =Raw_SRC_V16C_Repeats!I25*100 -> 75.113357 | U36: =Raw_SRC_V16C_Repeats!J25 -> 4000 | V36: =Raw_SRC_V16C_Repeats!K25 -> 64 | W36: =Raw_SRC_V16C_Repeats!L25 -> 0.95 | X36: =Raw_SRC_V16C_Repeats!M25 -> (0.01, 0.1, 1.0) | Y36: =Raw_SRC_V16C_Repeats!N25 -> 0.6 | Z36: =Raw_SRC_V16C_Repeats!O25 -> full | AA36: =Raw_SRC_V16C_Repeats!P25 -> grid_selected_by_val_only_no_test | AB36: =Raw_SRC_V16C_Repeats!R25 -> src_v16c_main_table_10repeat_rows(1).csv | AC36: =Raw_SRC_V16C_Repeats!S25 -> 5
A37: =Raw_SRC_V16C_Repeats!A26 -> chameleon | B37: ="SRC-v16c repeat "&Raw_SRC_V16C_Repeats!B26 -> SRC-v16c repeat 4 | C37: SRC-v16c | L37: =Raw_SRC_V16C_Repeats!B26 -> 4 | M37: =Raw_SRC_V16C_Repeats!C26 -> 4 | N37: =Raw_SRC_V16C_Repeats!D26 -> 0 | O37: =Raw_SRC_V16C_Repeats!E26 -> fixed_geom_gcn_split_id_4 | P37: =Raw_SRC_V16C_Repeats!F26*100 -> 98.076923 | Q37: =Raw_SRC_V16C_Repeats!G26*100 -> 75.171468 | R37: =Raw_SRC_V16C_Repeats!H26*100 -> 74.342105 | S37: =Raw_SRC_V16C_Repeats!H26 -> 0.74342105 | T37: =Raw_SRC_V16C_Repeats!I26*100 -> 75.442307 | U37: =Raw_SRC_V16C_Repeats!J26 -> 6000 | V37: =Raw_SRC_V16C_Repeats!K26 -> 48 | W37: =Raw_SRC_V16C_Repeats!L26 -> 0.9 | X37: =Raw_SRC_V16C_Repeats!M26 -> (0.01, 0.1, 1.0) | Y37: =Raw_SRC_V16C_Repeats!N26 -> 0.5 | Z37: =Raw_SRC_V16C_Repeats!O26 -> full | AA37: =Raw_SRC_V16C_Repeats!P26 -> grid_selected_by_val_only_no_test | AB37: =Raw_SRC_V16C_Repeats!R26 -> src_v16c_main_table_10repeat_rows(1).csv | AC37: =Raw_SRC_V16C_Repeats!S26 -> 6
A38: =Raw_SRC_V16C_Repeats!A27 -> chameleon | B38: ="SRC-v16c repeat "&Raw_SRC_V16C_Repeats!B27 -> SRC-v16c repeat 5 | C38: SRC-v16c | L38: =Raw_SRC_V16C_Repeats!B27 -> 5 | M38: =Raw_SRC_V16C_Repeats!C27 -> 5 | N38: =Raw_SRC_V16C_Repeats!D27 -> 0 | O38: =Raw_SRC_V16C_Repeats!E27 -> fixed_geom_gcn_split_id_5 | P38: =Raw_SRC_V16C_Repeats!F27*100 -> 94.505495 | Q38: =Raw_SRC_V16C_Repeats!G27*100 -> 73.251029 | R38: =Raw_SRC_V16C_Repeats!H27*100 -> 73.464912 | S38: =Raw_SRC_V16C_Repeats!H27 -> 0.73464912 | T38: =Raw_SRC_V16C_Repeats!I27*100 -> 73.380421 | U38: =Raw_SRC_V16C_Repeats!J27 -> 5000 | V38: =Raw_SRC_V16C_Repeats!K27 -> 64 | W38: =Raw_SRC_V16C_Repeats!L27 -> 0.9 | X38: =Raw_SRC_V16C_Repeats!M27 -> (0.01, 0.1, 1.0) | Y38: =Raw_SRC_V16C_Repeats!N27 -> 0.8 | Z38: =Raw_SRC_V16C_Repeats!O27 -> full | AA38: =Raw_SRC_V16C_Repeats!P27 -> grid_selected_by_val_only_no_test | AB38: =Raw_SRC_V16C_Repeats!R27 -> src_v16c_main_table_10repeat_rows(1).csv | AC38: =Raw_SRC_V16C_Repeats!S27 -> 7
A39: =Raw_SRC_V16C_Repeats!A28 -> chameleon | B39: ="SRC-v16c repeat "&Raw_SRC_V16C_Repeats!B28 -> SRC-v16c repeat 6 | C39: SRC-v16c | L39: =Raw_SRC_V16C_Repeats!B28 -> 6 | M39: =Raw_SRC_V16C_Repeats!C28 -> 6 | N39: =Raw_SRC_V16C_Repeats!D28 -> 0 | O39: =Raw_SRC_V16C_Repeats!E28 -> fixed_geom_gcn_split_id_6 | P39: =Raw_SRC_V16C_Repeats!F28*100 -> 96.062271 | Q39: =Raw_SRC_V16C_Repeats!G28*100 -> 71.056241 | R39: =Raw_SRC_V16C_Repeats!H28*100 -> 70.614035 | S39: =Raw_SRC_V16C_Repeats!H28 -> 0.70614035 | T39: =Raw_SRC_V16C_Repeats!I28*100 -> 70.920766 | U39: =Raw_SRC_V16C_Repeats!J28 -> 8000 | V39: =Raw_SRC_V16C_Repeats!K28 -> 96 | W39: =Raw_SRC_V16C_Repeats!L28 -> 0.95 | X39: =Raw_SRC_V16C_Repeats!M28 -> (0.1, 1.0, 10.0) | Y39: =Raw_SRC_V16C_Repeats!N28 -> 0.7 | Z39: =Raw_SRC_V16C_Repeats!O28 -> full | AA39: =Raw_SRC_V16C_Repeats!P28 -> grid_selected_by_val_only_no_test | AB39: =Raw_SRC_V16C_Repeats!R28 -> src_v16c_main_table_10repeat_rows(1).csv | AC39: =Raw_SRC_V16C_Repeats!S28 -> 8
A40: =Raw_SRC_V16C_Repeats!A29 -> chameleon | B40: ="SRC-v16c repeat "&Raw_SRC_V16C_Repeats!B29 -> SRC-v16c repeat 7 | C40: SRC-v16c | L40: =Raw_SRC_V16C_Repeats!B29 -> 7 | M40: =Raw_SRC_V16C_Repeats!C29 -> 7 | N40: =Raw_SRC_V16C_Repeats!D29 -> 0 | O40: =Raw_SRC_V16C_Repeats!E29 -> fixed_geom_gcn_split_id_7 | P40: =Raw_SRC_V16C_Repeats!F29*100 -> 99.542125 | Q40: =Raw_SRC_V16C_Repeats!G29*100 -> 67.901235 | R40: =Raw_SRC_V16C_Repeats!H29*100 -> 71.27193 | S40: =Raw_SRC_V16C_Repeats!H29 -> 0.7127193 | T40: =Raw_SRC_V16C_Repeats!I29*100 -> 67.990858 | U40: =Raw_SRC_V16C_Repeats!J29 -> 8000 | V40: =Raw_SRC_V16C_Repeats!K29 -> 96 | W40: =Raw_SRC_V16C_Repeats!L29 -> 0.99 | X40: =Raw_SRC_V16C_Repeats!M29 -> (0.01, 0.1, 1.0) | Y40: =Raw_SRC_V16C_Repeats!N29 -> 0.6 | Z40: =Raw_SRC_V16C_Repeats!O29 -> full | AA40: =Raw_SRC_V16C_Repeats!P29 -> grid_selected_by_val_only_no_test | AB40: =Raw_SRC_V16C_Repeats!R29 -> src_v16c_main_table_10repeat_rows(1).csv | AC40: =Raw_SRC_V16C_Repeats!S29 -> 9
A41: =Raw_SRC_V16C_Repeats!A30 -> chameleon | B41: ="SRC-v16c repeat "&Raw_SRC_V16C_Repeats!B30 -> SRC-v16c repeat 8 | C41: SRC-v16c | L41: =Raw_SRC_V16C_Repeats!B30 -> 8 | M41: =Raw_SRC_V16C_Repeats!C30 -> 8 | N41: =Raw_SRC_V16C_Repeats!D30 -> 0 | O41: =Raw_SRC_V16C_Repeats!E30 -> fixed_geom_gcn_split_id_8 | P41: =Raw_SRC_V16C_Repeats!F30*100 -> 98.717949 | Q41: =Raw_SRC_V16C_Repeats!G30*100 -> 73.388203 | R41: =Raw_SRC_V16C_Repeats!H30*100 -> 71.929825 | S41: =Raw_SRC_V16C_Repeats!H30 -> 0.71929825 | T41: =Raw_SRC_V16C_Repeats!I30*100 -> 73.457794 | U41: =Raw_SRC_V16C_Repeats!J30 -> 8000 | V41: =Raw_SRC_V16C_Repeats!K30 -> 64 | W41: =Raw_SRC_V16C_Repeats!L30 -> 0.9 | X41: =Raw_SRC_V16C_Repeats!M30 -> (0.01, 0.1, 1.0) | Y41: =Raw_SRC_V16C_Repeats!N30 -> 0.3 | Z41: =Raw_SRC_V16C_Repeats!O30 -> full | AA41: =Raw_SRC_V16C_Repeats!P30 -> grid_selected_by_val_only_no_test | AB41: =Raw_SRC_V16C_Repeats!R30 -> src_v16c_main_table_10repeat_rows(1).csv | AC41: =Raw_SRC_V16C_Repeats!S30 -> 10
A42: =Raw_SRC_V16C_Repeats!A31 -> chameleon | B42: ="SRC-v16c repeat "&Raw_SRC_V16C_Repeats!B31 -> SRC-v16c repeat 9 | C42: SRC-v16c | L42: =Raw_SRC_V16C_Repeats!B31 -> 9 | M42: =Raw_SRC_V16C_Repeats!C31 -> 9 | N42: =Raw_SRC_V16C_Repeats!D31 -> 0 | O42: =Raw_SRC_V16C_Repeats!E31 -> fixed_geom_gcn_split_id_9 | P42: =Raw_SRC_V16C_Repeats!F31*100 -> 97.710623 | Q42: =Raw_SRC_V16C_Repeats!G31*100 -> 73.799726 | R42: =Raw_SRC_V16C_Repeats!H31*100 -> 72.807018 | S42: =Raw_SRC_V16C_Repeats!H31 -> 0.72807018 | T42: =Raw_SRC_V16C_Repeats!I31*100 -> 74.009105 | U42: =Raw_SRC_V16C_Repeats!J31 -> 8000 | V42: =Raw_SRC_V16C_Repeats!K31 -> 32 | W42: =Raw_SRC_V16C_Repeats!L31 -> 0.9 | X42: =Raw_SRC_V16C_Repeats!M31 -> (0.01, 0.1, 1.0) | Y42: =Raw_SRC_V16C_Repeats!N31 -> 0.6 | Z42: =Raw_SRC_V16C_Repeats!O31 -> full | AA42: =Raw_SRC_V16C_Repeats!P31 -> grid_selected_by_val_only_no_test | AB42: =Raw_SRC_V16C_Repeats!R31 -> src_v16c_main_table_10repeat_rows(1).csv | AC42: =Raw_SRC_V16C_Repeats!S31 -> 11
A44: Dataset: cornell
A45: cornell | B45: Strongest baseline summary | C45: GraphSAGE | D45: =COUNT(Raw_Strongest_Baseline_Repeats!H32:H41) -> 10 | E45: =AVERAGE(Raw_Strongest_Baseline_Repeats!F32:F41)*100 -> 98.735632 | F45: =_xlfn.STDEV.S(Raw_Strongest_Baseline_Repeats!F32:F41)*100 -> 1.9118729 | G45: =AVERAGE(Raw_Strongest_Baseline_Repeats!G32:G41)*100 -> 74.745763 | H45: =_xlfn.STDEV.S(Raw_Strongest_Baseline_Repeats!G32:G41)*100 -> 6.561947 | I45: =AVERAGE(Raw_Strongest_Baseline_Repeats!H32:H41)*100 -> 70.27027 | J45: =_xlfn.STDEV.S(Raw_Strongest_Baseline_Repeats!H32:H41)*100 -> 5.6977983 | AB45: pyg_baselines_fair_best_by_val_partial(1)(1).csv | AC45: rows 32-41 in Raw_Strongest_Baseline_Repeats
A46: cornell | B46: SRC-v16c summary | C46: SRC-v16c | D46: =COUNT(Raw_SRC_V16C_Repeats!H32:H41) -> 10 | E46: =AVERAGE(Raw_SRC_V16C_Repeats!F32:F41)*100 -> 99.885057 | F46: =_xlfn.STDEV.S(Raw_SRC_V16C_Repeats!F32:F41)*100 -> 0.36348019 | G46: =AVERAGE(Raw_SRC_V16C_Repeats!G32:G41)*100 -> 80.508475 | H46: =_xlfn.STDEV.S(Raw_SRC_V16C_Repeats!G32:G41)*100 -> 3.2208345 | I46: =AVERAGE(Raw_SRC_V16C_Repeats!H32:H41)*100 -> 75.405405 | J46: =_xlfn.STDEV.S(Raw_SRC_V16C_Repeats!H32:H41)*100 -> 7.257706 | K46: =I46-I45 -> 5.1351359 | AB46: SRC-v16c repeat rows: final 6-dataset package + chameleon CSV | AC46: Raw_SRC_V16C_Repeats rows 32-41
A47: =Raw_SRC_V16C_Repeats!A32 -> cornell | B47: ="SRC-v16c repeat "&Raw_SRC_V16C_Repeats!B32 -> SRC-v16c repeat 0 | C47: SRC-v16c | L47: =Raw_SRC_V16C_Repeats!B32 -> 0 | M47: =Raw_SRC_V16C_Repeats!C32 -> 20260419 | N47: =Raw_SRC_V16C_Repeats!D32 -> 0 | O47: =Raw_SRC_V16C_Repeats!E32 -> random_stratified_matching_fixed_split0_class_counts | P47: =Raw_SRC_V16C_Repeats!F32*100 -> 100 | Q47: =Raw_SRC_V16C_Repeats!G32*100 -> 77.966102 | R47: =Raw_SRC_V16C_Repeats!H32*100 -> 81.081081 | S47: =Raw_SRC_V16C_Repeats!H32 -> 0.81081081 | T47: =Raw_SRC_V16C_Repeats!I32*100 -> 58.356724 | U47: =Raw_SRC_V16C_Repeats!J32 -> 4000 | V47: =Raw_SRC_V16C_Repeats!K32 -> 32 | W47: =Raw_SRC_V16C_Repeats!L32 -> 0.9 | X47: =Raw_SRC_V16C_Repeats!M32 -> (0.01, 0.1, 1.0) | Y47: =Raw_SRC_V16C_Repeats!N32 -> 0.2 | Z47: =Raw_SRC_V16C_Repeats!O32 -> full | AA47: =Raw_SRC_V16C_Repeats!P32 -> grid_selected_by_val_only_no_test | AB47: =Raw_SRC_V16C_Repeats!R32 -> src_v16c_final_6datasets_repeat_rows.csv | AC47: =Raw_SRC_V16C_Repeats!S32 -> 12
A48: =Raw_SRC_V16C_Repeats!A33 -> cornell | B48: ="SRC-v16c repeat "&Raw_SRC_V16C_Repeats!B33 -> SRC-v16c repeat 1 | C48: SRC-v16c | L48: =Raw_SRC_V16C_Repeats!B33 -> 1 | M48: =Raw_SRC_V16C_Repeats!C33 -> 20260420 | N48: =Raw_SRC_V16C_Repeats!D33 -> 0 | O48: =Raw_SRC_V16C_Repeats!E33 -> random_stratified_matching_fixed_split0_class_counts | P48: =Raw_SRC_V16C_Repeats!F33*100 -> 100 | Q48: =Raw_SRC_V16C_Repeats!G33*100 -> 79.661017 | R48: =Raw_SRC_V16C_Repeats!H33*100 -> 62.162162 | S48: =Raw_SRC_V16C_Repeats!H33 -> 0.62162162 | T48: =Raw_SRC_V16C_Repeats!I33*100 -> 69.172602 | U48: =Raw_SRC_V16C_Repeats!J33 -> 4000 | V48: =Raw_SRC_V16C_Repeats!K33 -> 32 | W48: =Raw_SRC_V16C_Repeats!L33 -> 0.9 | X48: =Raw_SRC_V16C_Repeats!M33 -> (0.01, 0.1, 1.0) | Y48: =Raw_SRC_V16C_Repeats!N33 -> 0.2 | Z48: =Raw_SRC_V16C_Repeats!O33 -> full | AA48: =Raw_SRC_V16C_Repeats!P33 -> grid_selected_by_val_only_no_test | AB48: =Raw_SRC_V16C_Repeats!R33 -> src_v16c_final_6datasets_repeat_rows.csv | AC48: =Raw_SRC_V16C_Repeats!S33 -> 13
A49: =Raw_SRC_V16C_Repeats!A34 -> cornell | B49: ="SRC-v16c repeat "&Raw_SRC_V16C_Repeats!B34 -> SRC-v16c repeat 2 | C49: SRC-v16c | L49: =Raw_SRC_V16C_Repeats!B34 -> 2 | M49: =Raw_SRC_V16C_Repeats!C34 -> 20260421 | N49: =Raw_SRC_V16C_Repeats!D34 -> 0 | O49: =Raw_SRC_V16C_Repeats!E34 -> random_stratified_matching_fixed_split0_class_counts | P49: =Raw_SRC_V16C_Repeats!F34*100 -> 100 | Q49: =Raw_SRC_V16C_Repeats!G34*100 -> 77.966102 | R49: =Raw_SRC_V16C_Repeats!H34*100 -> 81.081081 | S49: =Raw_SRC_V16C_Repeats!H34 -> 0.81081081 | T49: =Raw_SRC_V16C_Repeats!I34*100 -> 58.133641 | U49: =Raw_SRC_V16C_Repeats!J34 -> 4000 | V49: =Raw_SRC_V16C_Repeats!K34 -> 32 | W49: =Raw_SRC_V16C_Repeats!L34 -> 0.9 | X49: =Raw_SRC_V16C_Repeats!M34 -> (0.05, 0.5, 5.0) | Y49: =Raw_SRC_V16C_Repeats!N34 -> 0.2 | Z49: =Raw_SRC_V16C_Repeats!O34 -> full | AA49: =Raw_SRC_V16C_Repeats!P34 -> grid_selected_by_val_only_no_test | AB49: =Raw_SRC_V16C_Repeats!R34 -> src_v16c_final_6datasets_repeat_rows.csv | AC49: =Raw_SRC_V16C_Repeats!S34 -> 14
A50: =Raw_SRC_V16C_Repeats!A35 -> cornell | B50: ="SRC-v16c repeat "&Raw_SRC_V16C_Repeats!B35 -> SRC-v16c repeat 3 | C50: SRC-v16c | L50: =Raw_SRC_V16C_Repeats!B35 -> 3 | M50: =Raw_SRC_V16C_Repeats!C35 -> 20260422 | N50: =Raw_SRC_V16C_Repeats!D35 -> 0 | O50: =Raw_SRC_V16C_Repeats!E35 -> random_stratified_matching_fixed_split0_class_counts | P50: =Raw_SRC_V16C_Repeats!F35*100 -> 100 | Q50: =Raw_SRC_V16C_Repeats!G35*100 -> 84.745763 | R50: =Raw_SRC_V16C_Repeats!H35*100 -> 75.675676 | S50: =Raw_SRC_V16C_Repeats!H35 -> 0.75675676 | T50: =Raw_SRC_V16C_Repeats!I35*100 -> 61.396104 | U50: =Raw_SRC_V16C_Repeats!J35 -> 4000 | V50: =Raw_SRC_V16C_Repeats!K35 -> 32 | W50: =Raw_SRC_V16C_Repeats!L35 -> 0.9 | X50: =Raw_SRC_V16C_Repeats!M35 -> (0.05, 0.5, 5.0) | Y50: =Raw_SRC_V16C_Repeats!N35 -> 0.2 | Z50: =Raw_SRC_V16C_Repeats!O35 -> full | AA50: =Raw_SRC_V16C_Repeats!P35 -> grid_selected_by_val_only_no_test | AB50: =Raw_SRC_V16C_Repeats!R35 -> src_v16c_final_6datasets_repeat_rows.csv | AC50: =Raw_SRC_V16C_Repeats!S35 -> 15
A51: =Raw_SRC_V16C_Repeats!A36 -> cornell | B51: ="SRC-v16c repeat "&Raw_SRC_V16C_Repeats!B36 -> SRC-v16c repeat 4 | C51: SRC-v16c | L51: =Raw_SRC_V16C_Repeats!B36 -> 4 | M51: =Raw_SRC_V16C_Repeats!C36 -> 20260423 | N51: =Raw_SRC_V16C_Repeats!D36 -> 0 | O51: =Raw_SRC_V16C_Repeats!E36 -> random_stratified_matching_fixed_split0_class_counts | P51: =Raw_SRC_V16C_Repeats!F36*100 -> 100 | Q51: =Raw_SRC_V16C_Repeats!G36*100 -> 79.661017 | R51: =Raw_SRC_V16C_Repeats!H36*100 -> 78.378378 | S51: =Raw_SRC_V16C_Repeats!H36 -> 0.78378378 | T51: =Raw_SRC_V16C_Repeats!I36*100 -> 57.114579 | U51: =Raw_SRC_V16C_Repeats!J36 -> 4000 | V51: =Raw_SRC_V16C_Repeats!K36 -> 32 | W51: =Raw_SRC_V16C_Repeats!L36 -> 0.9 | X51: =Raw_SRC_V16C_Repeats!M36 -> (0.01, 0.1, 1.0) | Y51: =Raw_SRC_V16C_Repeats!N36 -> 0.2 | Z51: =Raw_SRC_V16C_Repeats!O36 -> full | AA51: =Raw_SRC_V16C_Repeats!P36 -> grid_selected_by_val_only_no_test | AB51: =Raw_SRC_V16C_Repeats!R36 -> src_v16c_final_6datasets_repeat_rows.csv | AC51: =Raw_SRC_V16C_Repeats!S36 -> 16
A52: =Raw_SRC_V16C_Repeats!A37 -> cornell | B52: ="SRC-v16c repeat "&Raw_SRC_V16C_Repeats!B37 -> SRC-v16c repeat 5 | C52: SRC-v16c | L52: =Raw_SRC_V16C_Repeats!B37 -> 5 | M52: =Raw_SRC_V16C_Repeats!C37 -> 20260424 | N52: =Raw_SRC_V16C_Repeats!D37 -> 0 | O52: =Raw_SRC_V16C_Repeats!E37 -> random_stratified_matching_fixed_split0_class_counts | P52: =Raw_SRC_V16C_Repeats!F37*100 -> 100 | Q52: =Raw_SRC_V16C_Repeats!G37*100 -> 76.271186 | R52: =Raw_SRC_V16C_Repeats!H37*100 -> 83.783784 | S52: =Raw_SRC_V16C_Repeats!H37 -> 0.83783784 | T52: =Raw_SRC_V16C_Repeats!I37*100 -> 52.796397 | U52: =Raw_SRC_V16C_Repeats!J37 -> 4000 | V52: =Raw_SRC_V16C_Repeats!K37 -> 32 | W52: =Raw_SRC_V16C_Repeats!L37 -> 0.9 | X52: =Raw_SRC_V16C_Repeats!M37 -> (0.01, 0.1, 1.0) | Y52: =Raw_SRC_V16C_Repeats!N37 -> 0.2 | Z52: =Raw_SRC_V16C_Repeats!O37 -> full | AA52: =Raw_SRC_V16C_Repeats!P37 -> grid_selected_by_val_only_no_test | AB52: =Raw_SRC_V16C_Repeats!R37 -> src_v16c_final_6datasets_repeat_rows.csv | AC52: =Raw_SRC_V16C_Repeats!S37 -> 17
A53: =Raw_SRC_V16C_Repeats!A38 -> cornell | B53: ="SRC-v16c repeat "&Raw_SRC_V16C_Repeats!B38 -> SRC-v16c repeat 6 | C53: SRC-v16c | L53: =Raw_SRC_V16C_Repeats!B38 -> 6 | M53: =Raw_SRC_V16C_Repeats!C38 -> 20260425 | N53: =Raw_SRC_V16C_Repeats!D38 -> 0 | O53: =Raw_SRC_V16C_Repeats!E38 -> random_stratified_matching_fixed_split0_class_counts | P53: =Raw_SRC_V16C_Repeats!F38*100 -> 100 | Q53: =Raw_SRC_V16C_Repeats!G38*100 -> 81.355932 | R53: =Raw_SRC_V16C_Repeats!H38*100 -> 81.081081 | S53: =Raw_SRC_V16C_Repeats!H38 -> 0.81081081 | T53: =Raw_SRC_V16C_Repeats!I38*100 -> 66.432761 | U53: =Raw_SRC_V16C_Repeats!J38 -> 6000 | V53: =Raw_SRC_V16C_Repeats!K38 -> 32 | W53: =Raw_SRC_V16C_Repeats!L38 -> 0.9 | X53: =Raw_SRC_V16C_Repeats!M38 -> (0.01, 0.1, 1.0) | Y53: =Raw_SRC_V16C_Repeats!N38 -> 0.2 | Z53: =Raw_SRC_V16C_Repeats!O38 -> full | AA53: =Raw_SRC_V16C_Repeats!P38 -> grid_selected_by_val_only_no_test | AB53: =Raw_SRC_V16C_Repeats!R38 -> src_v16c_final_6datasets_repeat_rows.csv | AC53: =Raw_SRC_V16C_Repeats!S38 -> 18
A54: =Raw_SRC_V16C_Repeats!A39 -> cornell | B54: ="SRC-v16c repeat "&Raw_SRC_V16C_Repeats!B39 -> SRC-v16c repeat 7 | C54: SRC-v16c | L54: =Raw_SRC_V16C_Repeats!B39 -> 7 | M54: =Raw_SRC_V16C_Repeats!C39 -> 20260426 | N54: =Raw_SRC_V16C_Repeats!D39 -> 0 | O54: =Raw_SRC_V16C_Repeats!E39 -> random_stratified_matching_fixed_split0_class_counts | P54: =Raw_SRC_V16C_Repeats!F39*100 -> 100 | Q54: =Raw_SRC_V16C_Repeats!G39*100 -> 77.966102 | R54: =Raw_SRC_V16C_Repeats!H39*100 -> 72.972973 | S54: =Raw_SRC_V16C_Repeats!H39 -> 0.72972973 | T54: =Raw_SRC_V16C_Repeats!I39*100 -> 56.144742 | U54: =Raw_SRC_V16C_Repeats!J39 -> 5000 | V54: =Raw_SRC_V16C_Repeats!K39 -> 32 | W54: =Raw_SRC_V16C_Repeats!L39 -> 0.9 | X54: =Raw_SRC_V16C_Repeats!M39 -> (0.01, 0.1, 1.0) | Y54: =Raw_SRC_V16C_Repeats!N39 -> 0.2 | Z54: =Raw_SRC_V16C_Repeats!O39 -> full | AA54: =Raw_SRC_V16C_Repeats!P39 -> grid_selected_by_val_only_no_test | AB54: =Raw_SRC_V16C_Repeats!R39 -> src_v16c_final_6datasets_repeat_rows.csv | AC54: =Raw_SRC_V16C_Repeats!S39 -> 19
A55: =Raw_SRC_V16C_Repeats!A40 -> cornell | B55: ="SRC-v16c repeat "&Raw_SRC_V16C_Repeats!B40 -> SRC-v16c repeat 8 | C55: SRC-v16c | L55: =Raw_SRC_V16C_Repeats!B40 -> 8 | M55: =Raw_SRC_V16C_Repeats!C40 -> 20260427 | N55: =Raw_SRC_V16C_Repeats!D40 -> 0 | O55: =Raw_SRC_V16C_Repeats!E40 -> random_stratified_matching_fixed_split0_class_counts | P55: =Raw_SRC_V16C_Repeats!F40*100 -> 100 | Q55: =Raw_SRC_V16C_Repeats!G40*100 -> 84.745763 | R55: =Raw_SRC_V16C_Repeats!H40*100 -> 72.972973 | S55: =Raw_SRC_V16C_Repeats!H40 -> 0.72972973 | T55: =Raw_SRC_V16C_Repeats!I40*100 -> 70.750943 | U55: =Raw_SRC_V16C_Repeats!J40 -> 4000 | V55: =Raw_SRC_V16C_Repeats!K40 -> 32 | W55: =Raw_SRC_V16C_Repeats!L40 -> 0.9 | X55: =Raw_SRC_V16C_Repeats!M40 -> (0.01, 0.1, 1.0) | Y55: =Raw_SRC_V16C_Repeats!N40 -> 0.7 | Z55: =Raw_SRC_V16C_Repeats!O40 -> full | AA55: =Raw_SRC_V16C_Repeats!P40 -> grid_selected_by_val_only_no_test | AB55: =Raw_SRC_V16C_Repeats!R40 -> src_v16c_final_6datasets_repeat_rows.csv | AC55: =Raw_SRC_V16C_Repeats!S40 -> 20
A56: =Raw_SRC_V16C_Repeats!A41 -> cornell | B56: ="SRC-v16c repeat "&Raw_SRC_V16C_Repeats!B41 -> SRC-v16c repeat 9 | C56: SRC-v16c | L56: =Raw_SRC_V16C_Repeats!B41 -> 9 | M56: =Raw_SRC_V16C_Repeats!C41 -> 20260428 | N56: =Raw_SRC_V16C_Repeats!D41 -> 0 | O56: =Raw_SRC_V16C_Repeats!E41 -> random_stratified_matching_fixed_split0_class_counts | P56: =Raw_SRC_V16C_Repeats!F41*100 -> 98.850575 | Q56: =Raw_SRC_V16C_Repeats!G41*100 -> 84.745763 | R56: =Raw_SRC_V16C_Repeats!H41*100 -> 64.864865 | S56: =Raw_SRC_V16C_Repeats!H41 -> 0.64864865 | T56: =Raw_SRC_V16C_Repeats!I41*100 -> 61.071429 | U56: =Raw_SRC_V16C_Repeats!J41 -> 4000 | V56: =Raw_SRC_V16C_Repeats!K41 -> 32 | W56: =Raw_SRC_V16C_Repeats!L41 -> 0.9 | X56: =Raw_SRC_V16C_Repeats!M41 -> (0.1, 1.0, 10.0) | Y56: =Raw_SRC_V16C_Repeats!N41 -> 0.2 | Z56: =Raw_SRC_V16C_Repeats!O41 -> full | AA56: =Raw_SRC_V16C_Repeats!P41 -> grid_selected_by_val_only_no_test | AB56: =Raw_SRC_V16C_Repeats!R41 -> src_v16c_final_6datasets_repeat_rows.csv | AC56: =Raw_SRC_V16C_Repeats!S41 -> 21
A58: Dataset: texas
A59: texas | B59: Strongest baseline summary | C59: GraphSAGE | D59: =COUNT(Raw_Strongest_Baseline_Repeats!H42:H51) -> 10 | E59: =AVERAGE(Raw_Strongest_Baseline_Repeats!F42:F51)*100 -> 97.011493 | F59: =_xlfn.STDEV.S(Raw_Strongest_Baseline_Repeats!F42:F51)*100 -> 3.3489302 | G59: =AVERAGE(Raw_Strongest_Baseline_Repeats!G42:G51)*100 -> 82.20339 | H59: =_xlfn.STDEV.S(Raw_Strongest_Baseline_Repeats!G42:G51)*100 -> 6.1501521 | I59: =AVERAGE(Raw_Strongest_Baseline_Repeats!H42:H51)*100 -> 78.378378 | J59: =_xlfn.STDEV.S(Raw_Strongest_Baseline_Repeats!H42:H51)*100 -> 7.9565402 | AB59: pyg_baselines_fair_best_by_val_partial(1)(1).csv | AC59: rows 42-51 in Raw_Strongest_Baseline_Repeats
A60: texas | B60: SRC-v16c summary | C60: SRC-v16c | D60: =COUNT(Raw_SRC_V16C_Repeats!H42:H51) -> 10 | E60: =AVERAGE(Raw_SRC_V16C_Repeats!F42:F51)*100 -> 100 | F60: =_xlfn.STDEV.S(Raw_SRC_V16C_Repeats!F42:F51)*100 -> 0 | G60: =AVERAGE(Raw_SRC_V16C_Repeats!G42:G51)*100 -> 87.758621 | H60: =_xlfn.STDEV.S(Raw_SRC_V16C_Repeats!G42:G51)*100 -> 2.4985132 | I60: =AVERAGE(Raw_SRC_V16C_Repeats!H42:H51)*100 -> 86.315789 | J60: =_xlfn.STDEV.S(Raw_SRC_V16C_Repeats!H42:H51)*100 -> 4.0768246 | K60: =I60-I59 -> 7.9374113 | AB60: SRC-v16c repeat rows: final 6-dataset package + chameleon CSV | AC60: Raw_SRC_V16C_Repeats rows 42-51
A61: =Raw_SRC_V16C_Repeats!A42 -> texas | B61: ="SRC-v16c repeat "&Raw_SRC_V16C_Repeats!B42 -> SRC-v16c repeat 0 | C61: SRC-v16c | L61: =Raw_SRC_V16C_Repeats!B42 -> 0 | M61: =Raw_SRC_V16C_Repeats!C42 -> 20260419 | N61: =Raw_SRC_V16C_Repeats!D42 -> 0 | O61: =Raw_SRC_V16C_Repeats!E42 -> random_stratified_matching_fixed_split0_class_counts | P61: =Raw_SRC_V16C_Repeats!F42*100 -> 100 | Q61: =Raw_SRC_V16C_Repeats!G42*100 -> 86.206897 | R61: =Raw_SRC_V16C_Repeats!H42*100 -> 86.842105 | S61: =Raw_SRC_V16C_Repeats!H42 -> 0.86842105 | T61: =Raw_SRC_V16C_Repeats!I42*100 -> 75.529954 | U61: =Raw_SRC_V16C_Repeats!J42 -> 4000 | V61: =Raw_SRC_V16C_Repeats!K42 -> 32 | W61: =Raw_SRC_V16C_Repeats!L42 -> 0.9 | X61: =Raw_SRC_V16C_Repeats!M42 -> (0.01, 0.1, 1.0) | Y61: =Raw_SRC_V16C_Repeats!N42 -> 0.2 | Z61: =Raw_SRC_V16C_Repeats!O42 -> full | AA61: =Raw_SRC_V16C_Repeats!P42 -> grid_selected_by_val_only_no_test | AB61: =Raw_SRC_V16C_Repeats!R42 -> src_v16c_final_6datasets_repeat_rows.csv | AC61: =Raw_SRC_V16C_Repeats!S42 -> 2
A62: =Raw_SRC_V16C_Repeats!A43 -> texas | B62: ="SRC-v16c repeat "&Raw_SRC_V16C_Repeats!B43 -> SRC-v16c repeat 1 | C62: SRC-v16c | L62: =Raw_SRC_V16C_Repeats!B43 -> 1 | M62: =Raw_SRC_V16C_Repeats!C43 -> 20260420 | N62: =Raw_SRC_V16C_Repeats!D43 -> 0 | O62: =Raw_SRC_V16C_Repeats!E43 -> random_stratified_matching_fixed_split0_class_counts | P62: =Raw_SRC_V16C_Repeats!F43*100 -> 100 | Q62: =Raw_SRC_V16C_Repeats!G43*100 -> 89.655172 | R62: =Raw_SRC_V16C_Repeats!H43*100 -> 89.473684 | S62: =Raw_SRC_V16C_Repeats!H43 -> 0.89473684 | T62: =Raw_SRC_V16C_Repeats!I43*100 -> 83.717358 | U62: =Raw_SRC_V16C_Repeats!J43 -> 8000 | V62: =Raw_SRC_V16C_Repeats!K43 -> 32 | W62: =Raw_SRC_V16C_Repeats!L43 -> 0.9 | X62: =Raw_SRC_V16C_Repeats!M43 -> (0.01, 0.1, 1.0) | Y62: =Raw_SRC_V16C_Repeats!N43 -> 0.2 | Z62: =Raw_SRC_V16C_Repeats!O43 -> full | AA62: =Raw_SRC_V16C_Repeats!P43 -> grid_selected_by_val_only_no_test | AB62: =Raw_SRC_V16C_Repeats!R43 -> src_v16c_final_6datasets_repeat_rows.csv | AC62: =Raw_SRC_V16C_Repeats!S43 -> 3
A63: =Raw_SRC_V16C_Repeats!A44 -> texas | B63: ="SRC-v16c repeat "&Raw_SRC_V16C_Repeats!B44 -> SRC-v16c repeat 2 | C63: SRC-v16c | L63: =Raw_SRC_V16C_Repeats!B44 -> 2 | M63: =Raw_SRC_V16C_Repeats!C44 -> 20260421 | N63: =Raw_SRC_V16C_Repeats!D44 -> 0 | O63: =Raw_SRC_V16C_Repeats!E44 -> random_stratified_matching_fixed_split0_class_counts | P63: =Raw_SRC_V16C_Repeats!F44*100 -> 100 | Q63: =Raw_SRC_V16C_Repeats!G44*100 -> 84.482759 | R63: =Raw_SRC_V16C_Repeats!H44*100 -> 78.947368 | S63: =Raw_SRC_V16C_Repeats!H44 -> 0.78947368 | T63: =Raw_SRC_V16C_Repeats!I44*100 -> 74.431644 | U63: =Raw_SRC_V16C_Repeats!J44 -> 5000 | V63: =Raw_SRC_V16C_Repeats!K44 -> 32 | W63: =Raw_SRC_V16C_Repeats!L44 -> 0.9 | X63: =Raw_SRC_V16C_Repeats!M44 -> (0.01, 0.1, 1.0) | Y63: =Raw_SRC_V16C_Repeats!N44 -> 0.2 | Z63: =Raw_SRC_V16C_Repeats!O44 -> full | AA63: =Raw_SRC_V16C_Repeats!P44 -> grid_selected_by_val_only_no_test | AB63: =Raw_SRC_V16C_Repeats!R44 -> src_v16c_final_6datasets_repeat_rows.csv | AC63: =Raw_SRC_V16C_Repeats!S44 -> 4
A64: =Raw_SRC_V16C_Repeats!A45 -> texas | B64: ="SRC-v16c repeat "&Raw_SRC_V16C_Repeats!B45 -> SRC-v16c repeat 3 | C64: SRC-v16c | L64: =Raw_SRC_V16C_Repeats!B45 -> 3 | M64: =Raw_SRC_V16C_Repeats!C45 -> 20260422 | N64: =Raw_SRC_V16C_Repeats!D45 -> 0 | O64: =Raw_SRC_V16C_Repeats!E45 -> random_stratified_matching_fixed_split0_class_counts | P64: =Raw_SRC_V16C_Repeats!F45*100 -> 100 | Q64: =Raw_SRC_V16C_Repeats!G45*100 -> 91.37931 | R64: =Raw_SRC_V16C_Repeats!H45*100 -> 86.842105 | S64: =Raw_SRC_V16C_Repeats!H45 -> 0.86842105 | T64: =Raw_SRC_V16C_Repeats!I45*100 -> 84.52381 | U64: =Raw_SRC_V16C_Repeats!J45 -> 4000 | V64: =Raw_SRC_V16C_Repeats!K45 -> 32 | W64: =Raw_SRC_V16C_Repeats!L45 -> 0.9 | X64: =Raw_SRC_V16C_Repeats!M45 -> (0.01, 0.1, 1.0) | Y64: =Raw_SRC_V16C_Repeats!N45 -> 0.2 | Z64: =Raw_SRC_V16C_Repeats!O45 -> full | AA64: =Raw_SRC_V16C_Repeats!P45 -> grid_selected_by_val_only_no_test | AB64: =Raw_SRC_V16C_Repeats!R45 -> src_v16c_final_6datasets_repeat_rows.csv | AC64: =Raw_SRC_V16C_Repeats!S45 -> 5
A65: =Raw_SRC_V16C_Repeats!A46 -> texas | B65: ="SRC-v16c repeat "&Raw_SRC_V16C_Repeats!B46 -> SRC-v16c repeat 4 | C65: SRC-v16c | L65: =Raw_SRC_V16C_Repeats!B46 -> 4 | M65: =Raw_SRC_V16C_Repeats!C46 -> 20260423 | N65: =Raw_SRC_V16C_Repeats!D46 -> 0 | O65: =Raw_SRC_V16C_Repeats!E46 -> random_stratified_matching_fixed_split0_class_counts | P65: =Raw_SRC_V16C_Repeats!F46*100 -> 100 | Q65: =Raw_SRC_V16C_Repeats!G46*100 -> 86.206897 | R65: =Raw_SRC_V16C_Repeats!H46*100 -> 84.210526 | S65: =Raw_SRC_V16C_Repeats!H46 -> 0.84210526 | T65: =Raw_SRC_V16C_Repeats!I46*100 -> 72.380952 | U65: =Raw_SRC_V16C_Repeats!J46 -> 4000 | V65: =Raw_SRC_V16C_Repeats!K46 -> 32 | W65: =Raw_SRC_V16C_Repeats!L46 -> 0.9 | X65: =Raw_SRC_V16C_Repeats!M46 -> (0.01, 0.1, 1.0) | Y65: =Raw_SRC_V16C_Repeats!N46 -> 0.2 | Z65: =Raw_SRC_V16C_Repeats!O46 -> full | AA65: =Raw_SRC_V16C_Repeats!P46 -> grid_selected_by_val_only_no_test | AB65: =Raw_SRC_V16C_Repeats!R46 -> src_v16c_final_6datasets_repeat_rows.csv | AC65: =Raw_SRC_V16C_Repeats!S46 -> 6
A66: =Raw_SRC_V16C_Repeats!A47 -> texas | B66: ="SRC-v16c repeat "&Raw_SRC_V16C_Repeats!B47 -> SRC-v16c repeat 5 | C66: SRC-v16c | L66: =Raw_SRC_V16C_Repeats!B47 -> 5 | M66: =Raw_SRC_V16C_Repeats!C47 -> 20260424 | N66: =Raw_SRC_V16C_Repeats!D47 -> 0 | O66: =Raw_SRC_V16C_Repeats!E47 -> random_stratified_matching_fixed_split0_class_counts | P66: =Raw_SRC_V16C_Repeats!F47*100 -> 100 | Q66: =Raw_SRC_V16C_Repeats!G47*100 -> 86.206897 | R66: =Raw_SRC_V16C_Repeats!H47*100 -> 81.578947 | S66: =Raw_SRC_V16C_Repeats!H47 -> 0.81578947 | T66: =Raw_SRC_V16C_Repeats!I47*100 -> 75.145929 | U66: =Raw_SRC_V16C_Repeats!J47 -> 4000 | V66: =Raw_SRC_V16C_Repeats!K47 -> 32 | W66: =Raw_SRC_V16C_Repeats!L47 -> 0.9 | X66: =Raw_SRC_V16C_Repeats!M47 -> (0.05, 0.5, 5.0) | Y66: =Raw_SRC_V16C_Repeats!N47 -> 0.2 | Z66: =Raw_SRC_V16C_Repeats!O47 -> full | AA66: =Raw_SRC_V16C_Repeats!P47 -> grid_selected_by_val_only_no_test | AB66: =Raw_SRC_V16C_Repeats!R47 -> src_v16c_final_6datasets_repeat_rows.csv | AC66: =Raw_SRC_V16C_Repeats!S47 -> 7
A67: =Raw_SRC_V16C_Repeats!A48 -> texas | B67: ="SRC-v16c repeat "&Raw_SRC_V16C_Repeats!B48 -> SRC-v16c repeat 6 | C67: SRC-v16c | L67: =Raw_SRC_V16C_Repeats!B48 -> 6 | M67: =Raw_SRC_V16C_Repeats!C48 -> 20260425 | N67: =Raw_SRC_V16C_Repeats!D48 -> 0 | O67: =Raw_SRC_V16C_Repeats!E48 -> random_stratified_matching_fixed_split0_class_counts | P67: =Raw_SRC_V16C_Repeats!F48*100 -> 100 | Q67: =Raw_SRC_V16C_Repeats!G48*100 -> 86.206897 | R67: =Raw_SRC_V16C_Repeats!H48*100 -> 89.473684 | S67: =Raw_SRC_V16C_Repeats!H48 -> 0.89473684 | T67: =Raw_SRC_V16C_Repeats!I48*100 -> 77.619048 | U67: =Raw_SRC_V16C_Repeats!J48 -> 4000 | V67: =Raw_SRC_V16C_Repeats!K48 -> 32 | W67: =Raw_SRC_V16C_Repeats!L48 -> 0.95 | X67: =Raw_SRC_V16C_Repeats!M48 -> (0.01, 0.1, 1.0) | Y67: =Raw_SRC_V16C_Repeats!N48 -> 0.6 | Z67: =Raw_SRC_V16C_Repeats!O48 -> full | AA67: =Raw_SRC_V16C_Repeats!P48 -> grid_selected_by_val_only_no_test | AB67: =Raw_SRC_V16C_Repeats!R48 -> src_v16c_final_6datasets_repeat_rows.csv | AC67: =Raw_SRC_V16C_Repeats!S48 -> 8
A68: =Raw_SRC_V16C_Repeats!A49 -> texas | B68: ="SRC-v16c repeat "&Raw_SRC_V16C_Repeats!B49 -> SRC-v16c repeat 7 | C68: SRC-v16c | L68: =Raw_SRC_V16C_Repeats!B49 -> 7 | M68: =Raw_SRC_V16C_Repeats!C49 -> 20260426 | N68: =Raw_SRC_V16C_Repeats!D49 -> 0 | O68: =Raw_SRC_V16C_Repeats!E49 -> random_stratified_matching_fixed_split0_class_counts | P68: =Raw_SRC_V16C_Repeats!F49*100 -> 100 | Q68: =Raw_SRC_V16C_Repeats!G49*100 -> 89.655172 | R68: =Raw_SRC_V16C_Repeats!H49*100 -> 84.210526 | S68: =Raw_SRC_V16C_Repeats!H49 -> 0.84210526 | T68: =Raw_SRC_V16C_Repeats!I49*100 -> 82.380952 | U68: =Raw_SRC_V16C_Repeats!J49 -> 5000 | V68: =Raw_SRC_V16C_Repeats!K49 -> 32 | W68: =Raw_SRC_V16C_Repeats!L49 -> 0.9 | X68: =Raw_SRC_V16C_Repeats!M49 -> (0.01, 0.1, 1.0) | Y68: =Raw_SRC_V16C_Repeats!N49 -> 0.2 | Z68: =Raw_SRC_V16C_Repeats!O49 -> full | AA68: =Raw_SRC_V16C_Repeats!P49 -> grid_selected_by_val_only_no_test | AB68: =Raw_SRC_V16C_Repeats!R49 -> src_v16c_final_6datasets_repeat_rows.csv | AC68: =Raw_SRC_V16C_Repeats!S49 -> 9
A69: =Raw_SRC_V16C_Repeats!A50 -> texas | B69: ="SRC-v16c repeat "&Raw_SRC_V16C_Repeats!B50 -> SRC-v16c repeat 8 | C69: SRC-v16c | L69: =Raw_SRC_V16C_Repeats!B50 -> 8 | M69: =Raw_SRC_V16C_Repeats!C50 -> 20260427 | N69: =Raw_SRC_V16C_Repeats!D50 -> 0 | O69: =Raw_SRC_V16C_Repeats!E50 -> random_stratified_matching_fixed_split0_class_counts | P69: =Raw_SRC_V16C_Repeats!F50*100 -> 100 | Q69: =Raw_SRC_V16C_Repeats!G50*100 -> 91.37931 | R69: =Raw_SRC_V16C_Repeats!H50*100 -> 89.473684 | S69: =Raw_SRC_V16C_Repeats!H50 -> 0.89473684 | T69: =Raw_SRC_V16C_Repeats!I50*100 -> 82.619048 | U69: =Raw_SRC_V16C_Repeats!J50 -> 4000 | V69: =Raw_SRC_V16C_Repeats!K50 -> 32 | W69: =Raw_SRC_V16C_Repeats!L50 -> 0.9 | X69: =Raw_SRC_V16C_Repeats!M50 -> (0.05, 0.5, 5.0) | Y69: =Raw_SRC_V16C_Repeats!N50 -> 0.2 | Z69: =Raw_SRC_V16C_Repeats!O50 -> full | AA69: =Raw_SRC_V16C_Repeats!P50 -> grid_selected_by_val_only_no_test | AB69: =Raw_SRC_V16C_Repeats!R50 -> src_v16c_final_6datasets_repeat_rows.csv | AC69: =Raw_SRC_V16C_Repeats!S50 -> 10
A70: =Raw_SRC_V16C_Repeats!A51 -> texas | B70: ="SRC-v16c repeat "&Raw_SRC_V16C_Repeats!B51 -> SRC-v16c repeat 9 | C70: SRC-v16c | L70: =Raw_SRC_V16C_Repeats!B51 -> 9 | M70: =Raw_SRC_V16C_Repeats!C51 -> 20260428 | N70: =Raw_SRC_V16C_Repeats!D51 -> 0 | O70: =Raw_SRC_V16C_Repeats!E51 -> random_stratified_matching_fixed_split0_class_counts | P70: =Raw_SRC_V16C_Repeats!F51*100 -> 100 | Q70: =Raw_SRC_V16C_Repeats!G51*100 -> 86.206897 | R70: =Raw_SRC_V16C_Repeats!H51*100 -> 92.105263 | S70: =Raw_SRC_V16C_Repeats!H51 -> 0.92105263 | T70: =Raw_SRC_V16C_Repeats!I51*100 -> 76.574501 | U70: =Raw_SRC_V16C_Repeats!J51 -> 4000 | V70: =Raw_SRC_V16C_Repeats!K51 -> 32 | W70: =Raw_SRC_V16C_Repeats!L51 -> 0.99 | X70: =Raw_SRC_V16C_Repeats!M51 -> (0.01, 0.1, 1.0) | Y70: =Raw_SRC_V16C_Repeats!N51 -> 0.2 | Z70: =Raw_SRC_V16C_Repeats!O51 -> full | AA70: =Raw_SRC_V16C_Repeats!P51 -> grid_selected_by_val_only_no_test | AB70: =Raw_SRC_V16C_Repeats!R51 -> src_v16c_final_6datasets_repeat_rows.csv | AC70: =Raw_SRC_V16C_Repeats!S51 -> 11
A72: Dataset: wisconsin
A73: wisconsin | B73: Strongest baseline summary | C73: GraphSAGE | D73: =COUNT(Raw_Strongest_Baseline_Repeats!H52:H61) -> 10 | E73: =AVERAGE(Raw_Strongest_Baseline_Repeats!F52:F61)*100 -> 97.833334 | F73: =_xlfn.STDEV.S(Raw_Strongest_Baseline_Repeats!F52:F61)*100 -> 4.5845951 | G73: =AVERAGE(Raw_Strongest_Baseline_Repeats!G52:G61)*100 -> 82.125 | H73: =_xlfn.STDEV.S(Raw_Strongest_Baseline_Repeats!G52:G61)*100 -> 4.1268926 | I73: =AVERAGE(Raw_Strongest_Baseline_Repeats!H52:H61)*100 -> 81.960785 | J73: =_xlfn.STDEV.S(Raw_Strongest_Baseline_Repeats!H52:H61)*100 -> 3.1751522 | AB73: pyg_baselines_fair_best_by_val_partial(1)(1).csv | AC73: rows 52-61 in Raw_Strongest_Baseline_Repeats
A74: wisconsin | B74: SRC-v16c summary | C74: SRC-v16c | D74: =COUNT(Raw_SRC_V16C_Repeats!H52:H61) -> 10 | E74: =AVERAGE(Raw_SRC_V16C_Repeats!F52:F61)*100 -> 100 | F74: =_xlfn.STDEV.S(Raw_SRC_V16C_Repeats!F52:F61)*100 -> 0 | G74: =AVERAGE(Raw_SRC_V16C_Repeats!G52:G61)*100 -> 85.25 | H74: =_xlfn.STDEV.S(Raw_SRC_V16C_Repeats!G52:G61)*100 -> 1.5365907 | I74: =AVERAGE(Raw_SRC_V16C_Repeats!H52:H61)*100 -> 84.313725 | J74: =_xlfn.STDEV.S(Raw_SRC_V16C_Repeats!H52:H61)*100 -> 4.2357782 | K74: =I74-I73 -> 2.3529401 | AB74: SRC-v16c repeat rows: final 6-dataset package + chameleon CSV | AC74: Raw_SRC_V16C_Repeats rows 52-61
A75: =Raw_SRC_V16C_Repeats!A52 -> wisconsin | B75: ="SRC-v16c repeat "&Raw_SRC_V16C_Repeats!B52 -> SRC-v16c repeat 0 | C75: SRC-v16c | L75: =Raw_SRC_V16C_Repeats!B52 -> 0 | M75: =Raw_SRC_V16C_Repeats!C52 -> 20260419 | N75: =Raw_SRC_V16C_Repeats!D52 -> 0 | O75: =Raw_SRC_V16C_Repeats!E52 -> random_stratified_matching_fixed_split0_class_counts | P75: =Raw_SRC_V16C_Repeats!F52*100 -> 100 | Q75: =Raw_SRC_V16C_Repeats!G52*100 -> 86.25 | R75: =Raw_SRC_V16C_Repeats!H52*100 -> 90.196078 | S75: =Raw_SRC_V16C_Repeats!H52 -> 0.90196078 | T75: =Raw_SRC_V16C_Repeats!I52*100 -> 67.083624 | U75: =Raw_SRC_V16C_Repeats!J52 -> 4000 | V75: =Raw_SRC_V16C_Repeats!K52 -> 32 | W75: =Raw_SRC_V16C_Repeats!L52 -> 0.9 | X75: =Raw_SRC_V16C_Repeats!M52 -> (0.05, 0.5, 5.0) | Y75: =Raw_SRC_V16C_Repeats!N52 -> 0.2 | Z75: =Raw_SRC_V16C_Repeats!O52 -> full | AA75: =Raw_SRC_V16C_Repeats!P52 -> grid_selected_by_val_only_no_test | AB75: =Raw_SRC_V16C_Repeats!R52 -> src_v16c_final_6datasets_repeat_rows.csv | AC75: =Raw_SRC_V16C_Repeats!S52 -> 22
A76: =Raw_SRC_V16C_Repeats!A53 -> wisconsin | B76: ="SRC-v16c repeat "&Raw_SRC_V16C_Repeats!B53 -> SRC-v16c repeat 1 | C76: SRC-v16c | L76: =Raw_SRC_V16C_Repeats!B53 -> 1 | M76: =Raw_SRC_V16C_Repeats!C53 -> 20260420 | N76: =Raw_SRC_V16C_Repeats!D53 -> 0 | O76: =Raw_SRC_V16C_Repeats!E53 -> random_stratified_matching_fixed_split0_class_counts | P76: =Raw_SRC_V16C_Repeats!F53*100 -> 100 | Q76: =Raw_SRC_V16C_Repeats!G53*100 -> 86.25 | R76: =Raw_SRC_V16C_Repeats!H53*100 -> 86.27451 | S76: =Raw_SRC_V16C_Repeats!H53 -> 0.8627451 | T76: =Raw_SRC_V16C_Repeats!I53*100 -> 68.226481 | U76: =Raw_SRC_V16C_Repeats!J53 -> 4000 | V76: =Raw_SRC_V16C_Repeats!K53 -> 32 | W76: =Raw_SRC_V16C_Repeats!L53 -> 0.9 | X76: =Raw_SRC_V16C_Repeats!M53 -> (0.05, 0.5, 5.0) | Y76: =Raw_SRC_V16C_Repeats!N53 -> 0.2 | Z76: =Raw_SRC_V16C_Repeats!O53 -> full | AA76: =Raw_SRC_V16C_Repeats!P53 -> grid_selected_by_val_only_no_test | AB76: =Raw_SRC_V16C_Repeats!R53 -> src_v16c_final_6datasets_repeat_rows.csv | AC76: =Raw_SRC_V16C_Repeats!S53 -> 23
A77: =Raw_SRC_V16C_Repeats!A54 -> wisconsin | B77: ="SRC-v16c repeat "&Raw_SRC_V16C_Repeats!B54 -> SRC-v16c repeat 2 | C77: SRC-v16c | L77: =Raw_SRC_V16C_Repeats!B54 -> 2 | M77: =Raw_SRC_V16C_Repeats!C54 -> 20260421 | N77: =Raw_SRC_V16C_Repeats!D54 -> 0 | O77: =Raw_SRC_V16C_Repeats!E54 -> random_stratified_matching_fixed_split0_class_counts | P77: =Raw_SRC_V16C_Repeats!F54*100 -> 100 | Q77: =Raw_SRC_V16C_Repeats!G54*100 -> 86.25 | R77: =Raw_SRC_V16C_Repeats!H54*100 -> 84.313725 | S77: =Raw_SRC_V16C_Repeats!H54 -> 0.84313725 | T77: =Raw_SRC_V16C_Repeats!I54*100 -> 68.226481 | U77: =Raw_SRC_V16C_Repeats!J54 -> 5000 | V77: =Raw_SRC_V16C_Repeats!K54 -> 32 | W77: =Raw_SRC_V16C_Repeats!L54 -> 0.95 | X77: =Raw_SRC_V16C_Repeats!M54 -> (0.05, 0.5, 5.0) | Y77: =Raw_SRC_V16C_Repeats!N54 -> 0.4 | Z77: =Raw_SRC_V16C_Repeats!O54 -> full | AA77: =Raw_SRC_V16C_Repeats!P54 -> grid_selected_by_val_only_no_test | AB77: =Raw_SRC_V16C_Repeats!R54 -> src_v16c_final_6datasets_repeat_rows.csv | AC77: =Raw_SRC_V16C_Repeats!S54 -> 24
A78: =Raw_SRC_V16C_Repeats!A55 -> wisconsin | B78: ="SRC-v16c repeat "&Raw_SRC_V16C_Repeats!B55 -> SRC-v16c repeat 3 | C78: SRC-v16c | L78: =Raw_SRC_V16C_Repeats!B55 -> 3 | M78: =Raw_SRC_V16C_Repeats!C55 -> 20260422 | N78: =Raw_SRC_V16C_Repeats!D55 -> 0 | O78: =Raw_SRC_V16C_Repeats!E55 -> random_stratified_matching_fixed_split0_class_counts | P78: =Raw_SRC_V16C_Repeats!F55*100 -> 100 | Q78: =Raw_SRC_V16C_Repeats!G55*100 -> 86.25 | R78: =Raw_SRC_V16C_Repeats!H55*100 -> 86.27451 | S78: =Raw_SRC_V16C_Repeats!H55 -> 0.8627451 | T78: =Raw_SRC_V16C_Repeats!I55*100 -> 67.083624 | U78: =Raw_SRC_V16C_Repeats!J55 -> 4000 | V78: =Raw_SRC_V16C_Repeats!K55 -> 32 | W78: =Raw_SRC_V16C_Repeats!L55 -> 0.9 | X78: =Raw_SRC_V16C_Repeats!M55 -> (0.1, 1.0, 10.0) | Y78: =Raw_SRC_V16C_Repeats!N55 -> 0.6 | Z78: =Raw_SRC_V16C_Repeats!O55 -> full | AA78: =Raw_SRC_V16C_Repeats!P55 -> grid_selected_by_val_only_no_test | AB78: =Raw_SRC_V16C_Repeats!R55 -> src_v16c_final_6datasets_repeat_rows.csv | AC78: =Raw_SRC_V16C_Repeats!S55 -> 25
A79: =Raw_SRC_V16C_Repeats!A56 -> wisconsin | B79: ="SRC-v16c repeat "&Raw_SRC_V16C_Repeats!B56 -> SRC-v16c repeat 4 | C79: SRC-v16c | L79: =Raw_SRC_V16C_Repeats!B56 -> 4 | M79: =Raw_SRC_V16C_Repeats!C56 -> 20260423 | N79: =Raw_SRC_V16C_Repeats!D56 -> 0 | O79: =Raw_SRC_V16C_Repeats!E56 -> random_stratified_matching_fixed_split0_class_counts | P79: =Raw_SRC_V16C_Repeats!F56*100 -> 100 | Q79: =Raw_SRC_V16C_Repeats!G56*100 -> 87.5 | R79: =Raw_SRC_V16C_Repeats!H56*100 -> 88.235294 | S79: =Raw_SRC_V16C_Repeats!H56 -> 0.88235294 | T79: =Raw_SRC_V16C_Repeats!I56*100 -> 69.226481 | U79: =Raw_SRC_V16C_Repeats!J56 -> 5000 | V79: =Raw_SRC_V16C_Repeats!K56 -> 32 | W79: =Raw_SRC_V16C_Repeats!L56 -> 0.9 | X79: =Raw_SRC_V16C_Repeats!M56 -> (0.01, 0.1, 1.0) | Y79: =Raw_SRC_V16C_Repeats!N56 -> 0.2 | Z79: =Raw_SRC_V16C_Repeats!O56 -> full | AA79: =Raw_SRC_V16C_Repeats!P56 -> grid_selected_by_val_only_no_test | AB79: =Raw_SRC_V16C_Repeats!R56 -> src_v16c_final_6datasets_repeat_rows.csv | AC79: =Raw_SRC_V16C_Repeats!S56 -> 26
A80: =Raw_SRC_V16C_Repeats!A57 -> wisconsin | B80: ="SRC-v16c repeat "&Raw_SRC_V16C_Repeats!B57 -> SRC-v16c repeat 5 | C80: SRC-v16c | L80: =Raw_SRC_V16C_Repeats!B57 -> 5 | M80: =Raw_SRC_V16C_Repeats!C57 -> 20260424 | N80: =Raw_SRC_V16C_Repeats!D57 -> 0 | O80: =Raw_SRC_V16C_Repeats!E57 -> random_stratified_matching_fixed_split0_class_counts | P80: =Raw_SRC_V16C_Repeats!F57*100 -> 100 | Q80: =Raw_SRC_V16C_Repeats!G57*100 -> 85 | R80: =Raw_SRC_V16C_Repeats!H57*100 -> 86.27451 | S80: =Raw_SRC_V16C_Repeats!H57 -> 0.8627451 | T80: =Raw_SRC_V16C_Repeats!I57*100 -> 63.512195 | U80: =Raw_SRC_V16C_Repeats!J57 -> 6000 | V80: =Raw_SRC_V16C_Repeats!K57 -> 32 | W80: =Raw_SRC_V16C_Repeats!L57 -> 0.9 | X80: =Raw_SRC_V16C_Repeats!M57 -> (0.01, 0.1, 1.0) | Y80: =Raw_SRC_V16C_Repeats!N57 -> 0.2 | Z80: =Raw_SRC_V16C_Repeats!O57 -> full | AA80: =Raw_SRC_V16C_Repeats!P57 -> grid_selected_by_val_only_no_test | AB80: =Raw_SRC_V16C_Repeats!R57 -> src_v16c_final_6datasets_repeat_rows.csv | AC80: =Raw_SRC_V16C_Repeats!S57 -> 27
A81: =Raw_SRC_V16C_Repeats!A58 -> wisconsin | B81: ="SRC-v16c repeat "&Raw_SRC_V16C_Repeats!B58 -> SRC-v16c repeat 6 | C81: SRC-v16c | L81: =Raw_SRC_V16C_Repeats!B58 -> 6 | M81: =Raw_SRC_V16C_Repeats!C58 -> 20260425 | N81: =Raw_SRC_V16C_Repeats!D58 -> 0 | O81: =Raw_SRC_V16C_Repeats!E58 -> random_stratified_matching_fixed_split0_class_counts | P81: =Raw_SRC_V16C_Repeats!F58*100 -> 100 | Q81: =Raw_SRC_V16C_Repeats!G58*100 -> 82.5 | R81: =Raw_SRC_V16C_Repeats!H58*100 -> 84.313725 | S81: =Raw_SRC_V16C_Repeats!H58 -> 0.84313725 | T81: =Raw_SRC_V16C_Repeats!I58*100 -> 65.02439 | U81: =Raw_SRC_V16C_Repeats!J58 -> 4000 | V81: =Raw_SRC_V16C_Repeats!K58 -> 32 | W81: =Raw_SRC_V16C_Repeats!L58 -> 0.9 | X81: =Raw_SRC_V16C_Repeats!M58 -> (0.05, 0.5, 5.0) | Y81: =Raw_SRC_V16C_Repeats!N58 -> 0.2 | Z81: =Raw_SRC_V16C_Repeats!O58 -> full | AA81: =Raw_SRC_V16C_Repeats!P58 -> grid_selected_by_val_only_no_test | AB81: =Raw_SRC_V16C_Repeats!R58 -> src_v16c_final_6datasets_repeat_rows.csv | AC81: =Raw_SRC_V16C_Repeats!S58 -> 28
A82: =Raw_SRC_V16C_Repeats!A59 -> wisconsin | B82: ="SRC-v16c repeat "&Raw_SRC_V16C_Repeats!B59 -> SRC-v16c repeat 7 | C82: SRC-v16c | L82: =Raw_SRC_V16C_Repeats!B59 -> 7 | M82: =Raw_SRC_V16C_Repeats!C59 -> 20260426 | N82: =Raw_SRC_V16C_Repeats!D59 -> 0 | O82: =Raw_SRC_V16C_Repeats!E59 -> random_stratified_matching_fixed_split0_class_counts | P82: =Raw_SRC_V16C_Repeats!F59*100 -> 100 | Q82: =Raw_SRC_V16C_Repeats!G59*100 -> 83.75 | R82: =Raw_SRC_V16C_Repeats!H59*100 -> 78.431373 | S82: =Raw_SRC_V16C_Repeats!H59 -> 0.78431373 | T82: =Raw_SRC_V16C_Repeats!I59*100 -> 68.477352 | U82: =Raw_SRC_V16C_Repeats!J59 -> 4000 | V82: =Raw_SRC_V16C_Repeats!K59 -> 32 | W82: =Raw_SRC_V16C_Repeats!L59 -> 0.9 | X82: =Raw_SRC_V16C_Repeats!M59 -> (0.01, 0.1, 1.0) | Y82: =Raw_SRC_V16C_Repeats!N59 -> 0.2 | Z82: =Raw_SRC_V16C_Repeats!O59 -> full | AA82: =Raw_SRC_V16C_Repeats!P59 -> grid_selected_by_val_only_no_test | AB82: =Raw_SRC_V16C_Repeats!R59 -> src_v16c_final_6datasets_repeat_rows.csv | AC82: =Raw_SRC_V16C_Repeats!S59 -> 29
A83: =Raw_SRC_V16C_Repeats!A60 -> wisconsin | B83: ="SRC-v16c repeat "&Raw_SRC_V16C_Repeats!B60 -> SRC-v16c repeat 8 | C83: SRC-v16c | L83: =Raw_SRC_V16C_Repeats!B60 -> 8 | M83: =Raw_SRC_V16C_Repeats!C60 -> 20260427 | N83: =Raw_SRC_V16C_Repeats!D60 -> 0 | O83: =Raw_SRC_V16C_Repeats!E60 -> random_stratified_matching_fixed_split0_class_counts | P83: =Raw_SRC_V16C_Repeats!F60*100 -> 100 | Q83: =Raw_SRC_V16C_Repeats!G60*100 -> 85 | R83: =Raw_SRC_V16C_Repeats!H60*100 -> 82.352941 | S83: =Raw_SRC_V16C_Repeats!H60 -> 0.82352941 | T83: =Raw_SRC_V16C_Repeats!I60*100 -> 60 | U83: =Raw_SRC_V16C_Repeats!J60 -> 4000 | V83: =Raw_SRC_V16C_Repeats!K60 -> 32 | W83: =Raw_SRC_V16C_Repeats!L60 -> 0.9 | X83: =Raw_SRC_V16C_Repeats!M60 -> (0.01, 0.1, 1.0) | Y83: =Raw_SRC_V16C_Repeats!N60 -> 0.2 | Z83: =Raw_SRC_V16C_Repeats!O60 -> full | AA83: =Raw_SRC_V16C_Repeats!P60 -> grid_selected_by_val_only_no_test | AB83: =Raw_SRC_V16C_Repeats!R60 -> src_v16c_final_6datasets_repeat_rows.csv | AC83: =Raw_SRC_V16C_Repeats!S60 -> 30
A84: =Raw_SRC_V16C_Repeats!A61 -> wisconsin | B84: ="SRC-v16c repeat "&Raw_SRC_V16C_Repeats!B61 -> SRC-v16c repeat 9 | C84: SRC-v16c | L84: =Raw_SRC_V16C_Repeats!B61 -> 9 | M84: =Raw_SRC_V16C_Repeats!C61 -> 20260428 | N84: =Raw_SRC_V16C_Repeats!D61 -> 0 | O84: =Raw_SRC_V16C_Repeats!E61 -> random_stratified_matching_fixed_split0_class_counts | P84: =Raw_SRC_V16C_Repeats!F61*100 -> 100 | Q84: =Raw_SRC_V16C_Repeats!G61*100 -> 83.75 | R84: =Raw_SRC_V16C_Repeats!H61*100 -> 76.470588 | S84: =Raw_SRC_V16C_Repeats!H61 -> 0.76470588 | T84: =Raw_SRC_V16C_Repeats!I61*100 -> 59.512195 | U84: =Raw_SRC_V16C_Repeats!J61 -> 5000 | V84: =Raw_SRC_V16C_Repeats!K61 -> 32 | W84: =Raw_SRC_V16C_Repeats!L61 -> 0.9 | X84: =Raw_SRC_V16C_Repeats!M61 -> (0.05, 0.5, 5.0) | Y84: =Raw_SRC_V16C_Repeats!N61 -> 0.7 | Z84: =Raw_SRC_V16C_Repeats!O61 -> full | AA84: =Raw_SRC_V16C_Repeats!P61 -> grid_selected_by_val_only_no_test | AB84: =Raw_SRC_V16C_Repeats!R61 -> src_v16c_final_6datasets_repeat_rows.csv | AC84: =Raw_SRC_V16C_Repeats!S61 -> 31

Sheet Self_Check
A1: Check item | B1: Result
A2: Included datasets | B2: amazon-computers, amazon-photo, chameleon, cornell, texas, wisconsin
A3: Excluded per request / table policy | B3: squirrel removed; actor excluded
A4: Baseline source file | B4: pyg_baselines_fair_best_by_val_partial(1)(1).csv
A5: SRC-v16c 6-dataset source file | B5: srcv16c_submission_package/src_v16c_final_6datasets_repeat_rows.csv
A6: SRC-v16c chameleon source file | B6: src_v16c_main_table_10repeat_rows(1).csv
A7: Chameleon file extra row handling | B7: Used only dataset == chameleon; ignored 1 squirrel row in that CSV
A8: Strongest baseline rule | B8: For each included dataset, choose baseline method with highest mean test_acc across repeats from pyg_baselines_fair_best_by_val_partial(1)(1).csv
A9: Std definition | B9: STDEV.S / sample standard deviation across 10 repeats
A10: All summary gains | B10: Formula: SRC-v16c test mean (%) - strongest baseline test mean (%)
A11: Raw rows imported unchanged | B11: See Raw_SRC_V16C_Repeats and Raw_Strongest_Baseline_Repeats
A13: Dataset | B13: SRC-v16c rows used | C13: Strongest baseline method | D13: Baseline rows used | E13: SRC source row range | F13: Baseline source row range
A14: amazon-computers | B14: 10 | C14: GraphSAGE | D14: 10 | E14: Raw_SRC rows 2-11 | F14: Raw_baseline rows 2-11
A15: amazon-photo | B15: 10 | C15: GraphSAGE | D15: 10 | E15: Raw_SRC rows 12-21 | F15: Raw_baseline rows 12-21
A16: chameleon | B16: 10 | C16: LINKX | D16: 10 | E16: Raw_SRC rows 22-31 | F16: Raw_baseline rows 22-31
A17: cornell | B17: 10 | C17: GraphSAGE | D17: 10 | E17: Raw_SRC rows 32-41 | F17: Raw_baseline rows 32-41
A18: texas | B18: 10 | C18: GraphSAGE | D18: 10 | E18: Raw_SRC rows 42-51 | F18: Raw_baseline rows 42-51
A19: wisconsin | B19: 10 | C19: GraphSAGE | D19: 10 | E19: Raw_SRC rows 52-61 | F19: Raw_baseline rows 52-61
A21: Source file | B21: Size bytes | C21: SHA-256 first 16 hex
A22: pyg_baselines_fair_best_by_val_partial(1)(1).csv | B22: 135262 | C22: 609b2c43d0889e8f
A23: src_v16c_final_6datasets_repeat_rows.csv | B23: 24183 | C23: 8575c8ab68224f29
A24: src_v16c_main_table_10repeat_rows(1).csv | B24: 6156 | C24: e33ac29aed2aabea
